GeneID1	Symbol1	GeneID2	Symbol2
101928739	PIK3CA	219541	MED19
101928739	PIK3CA	26030	PLEKHG3
101928739	PIK3CA	129446	XIRP2
101928739	PIK3CA	644815	FAM83G
101928739	PIK3CA	23347	SMCHD1
101928739	PIK3CA	9124	PDLIM1
101928739	PIK3CA	4641	MYO1C
101928739	PIK3CA	5717	PSMD11
101928739	PIK3CA	5718	PSMD12
101928739	PIK3CA	8535	CBX4
101928739	PIK3CA	6874	TAF4
101928739	PIK3CA	1192	CLIC1
101928739	PIK3CA	8665	EIF3F
101928739	PIK3CA	3843	IPO5
101928739	PIK3CA	10284	SAP18
101928739	PIK3CA	5296	PIK3R2
101928739	PIK3CA	10473	HMGN4
101928739	PIK3CA	51042	ZNF593
101928739	PIK3CA	3839	KPNA3
101928739	PIK3CA	3898	LAD1
101928739	PIK3CA	23481	PES1
101928739	PIK3CA	10199	MPHOSPH10
101928739	PIK3CA	10528	NOP56
101928739	PIK3CA	1654	DDX3X
101928739	PIK3CA	3491	CCN1
101928739	PIK3CA	6319	SCD
101928739	PIK3CA	11316	COPE
101928739	PIK3CA	8943	AP3D1
101928739	PIK3CA	1105	CHD1
101928739	PIK3CA	10419	PRMT5
101928739	PIK3CA	4659	PPP1R12A
101928739	PIK3CA	23350	U2SURP
101928739	PIK3CA	10095	ARPC1B
101928739	PIK3CA	10094	ARPC3
101928739	PIK3CA	6183	MRPS12
101928739	PIK3CA	3149	HMGB3
101928739	PIK3CA	8664	EIF3D
101928739	PIK3CA	8667	EIF3H
101928739	PIK3CA	1665	DHX15
101928739	PIK3CA	26037	SIPA1L1
101928739	PIK3CA	5709	PSMD3
101928739	PIK3CA	9092	SART1
101928739	PIK3CA	6885	MAP3K7
101928739	PIK3CA	9521	EEF1E1
101928739	PIK3CA	10236	HNRNPR
101928739	PIK3CA	9129	PRPF3
101928739	PIK3CA	8562	DENR
101928739	PIK3CA	7756	ZNF207
101928739	PIK3CA	81	ACTN4
101928739	PIK3CA	27336	HTATSF1
101928739	PIK3CA	4430	MYO1B
101928739	PIK3CA	11051	NUDT21
101928739	PIK3CA	7541	ZBTB14
101928739	PIK3CA	10492	SYNCRIP
101928739	PIK3CA	1500	CTNND1
101928739	PIK3CA	5208	PFKFB2
101928739	PIK3CA	1736	DKC1
101928739	PIK3CA	9669	EIF5B
101928739	PIK3CA	8721	EDF1
101928739	PIK3CA	10294	DNAJA2
101928739	PIK3CA	9555	MACROH2A1
101928739	PIK3CA	2317	FLNB
101928739	PIK3CA	55660	PRPF40A
101928739	PIK3CA	11168	PSIP1
101928739	PIK3CA	10772	SRSF10
101928739	PIK3CA	23451	SF3B1
101928739	PIK3CA	23020	SNRNP200
101928739	PIK3CA	5495	PPM1B
101928739	PIK3CA	8666	EIF3G
101928739	PIK3CA	5716	PSMD10
101928739	PIK3CA	8293	SERF1A
101928739	PIK3CA	728492	SERF1B
101928739	PIK3CA	22826	DNAJC8
101928739	PIK3CA	10285	SMNDC1
101928739	PIK3CA	26156	RSL1D1
101928739	PIK3CA	9219	MTA2
101928739	PIK3CA	4642	MYO1D
101928739	PIK3CA	24148	PRPF6
101928739	PIK3CA	285527	FRYL
101928739	PIK3CA	9406	ZRANB2
101928739	PIK3CA	51747	LUC7L3
101928739	PIK3CA	10527	IPO7
101928739	PIK3CA	2709	GJB5
101928739	PIK3CA	10569	SLU7
101928739	PIK3CA	6840	SVIL
101928739	PIK3CA	10898	CPSF4
101928739	PIK3CA	9532	BAG2
101928739	PIK3CA	51060	TXNDC12
101928739	PIK3CA	3939	LDHA
101928739	PIK3CA	1356	CP
101928739	PIK3CA	1956	EGFR
101928739	PIK3CA	3240	HP
101928739	PIK3CA	718	C3
101928739	PIK3CA	4000	LMNA
101928739	PIK3CA	2266	FGG
101928739	PIK3CA	1476	CSTB
101928739	PIK3CA	301	ANXA1
101928739	PIK3CA	338	APOB
101928739	PIK3CA	5621	PRNP
101928739	PIK3CA	3848	KRT1
101928739	PIK3CA	2597	GAPDH
101928739	PIK3CA	3315	HSPB1
101928739	PIK3CA	6184	RPN1
101928739	PIK3CA	2771	GNAI2
101928739	PIK3CA	3150	HMGN1
101928739	PIK3CA	5055	SERPINB2
101928739	PIK3CA	292	SLC25A5
101928739	PIK3CA	9636	ISG15
101928739	PIK3CA	1965	EIF2S1
101928739	PIK3CA	3151	HMGN2
101928739	PIK3CA	6181	RPLP2
101928739	PIK3CA	3875	KRT18
101928739	PIK3CA	2934	GSN
101928739	PIK3CA	6277	S100A6
101928739	PIK3CA	2023	ENO1
101928739	PIK3CA	4869	NPM1
101928739	PIK3CA	7170	TPM3
101928739	PIK3CA	5034	P4HB
101928739	PIK3CA	3005	H1-0
101928739	PIK3CA	302	ANXA2
101928739	PIK3CA	203068	TUBB
101928739	PIK3CA	5216	PFN1
101928739	PIK3CA	2058	EPRS1
101928739	PIK3CA	3320	HSP90AA1
101928739	PIK3CA	3183	HNRNPC
101928739	PIK3CA	7057	THBS1
101928739	PIK3CA	6520	SLC3A2
101928739	PIK3CA	3326	HSP90AB1
101928739	PIK3CA	6734	SRPRA
101928739	PIK3CA	6625	SNRNP70
101928739	PIK3CA	6218	RPS17
101928739	PIK3CA	2773	GNAI3
101928739	PIK3CA	6626	SNRPA
101928739	PIK3CA	2247	FGF2
101928739	PIK3CA	2950	GSTP1
101928739	PIK3CA	3956	LGALS1
101928739	PIK3CA	3146	HMGB1
101928739	PIK3CA	7168	TPM1
101928739	PIK3CA	1211	CLTA
101928739	PIK3CA	1267	CNP
101928739	PIK3CA	83871	RAB34
101928739	PIK3CA	51082	POLR1D
101928739	PIK3CA	3008	H1-4
101928739	PIK3CA	7295	TXN
101928739	PIK3CA	3309	HSPA5
101928739	PIK3CA	3312	HSPA8
101928739	PIK3CA	7150	TOP1
101928739	PIK3CA	26986	PABPC1
101928739	PIK3CA	5111	PCNA
101928739	PIK3CA	3615	IMPDH2
101928739	PIK3CA	5744	PTHLH
101928739	PIK3CA	87	ACTN1
101928739	PIK3CA	2547	XRCC6
101928739	PIK3CA	7520	XRCC5
101928739	PIK3CA	6050	RNH1
101928739	PIK3CA	1938	EEF2
101928739	PIK3CA	9601	PDIA4
101928739	PIK3CA	3936	LCP1
101928739	PIK3CA	5358	PLS3
101928739	PIK3CA	2963	GTF2F2
101928739	PIK3CA	5315	PKM
101928739	PIK3CA	7184	HSP90B1
101928739	PIK3CA	3191	HNRNPL
101928739	PIK3CA	1615	DARS1
101928739	PIK3CA	3728	JUP
101928739	PIK3CA	4830	NME1
101928739	PIK3CA	6187	RPS2
101928739	PIK3CA	1832	DSP
101928739	PIK3CA	960	CD44
101928739	PIK3CA	3691	ITGB4
101928739	PIK3CA	3009	H1-5
101928739	PIK3CA	3007	H1-3
101928739	PIK3CA	3006	H1-2
101928739	PIK3CA	488	ATP2A2
101928739	PIK3CA	8531	YBX3
101928739	PIK3CA	3159	HMGA1
101928739	PIK3CA	824	CAPN2
101928739	PIK3CA	1655	DDX5
101928739	PIK3CA	5702	PSMC3
101928739	PIK3CA	6950	TCP1
101928739	PIK3CA	6165	RPL35A
101928739	PIK3CA	378	ARF4
101928739	PIK3CA	6129	RPL7
101928739	PIK3CA	7936	NELFE
101928739	PIK3CA	6139	RPL17
101928739	PIK3CA	4691	NCL
101928739	PIK3CA	6737	TRIM21
101928739	PIK3CA	8894	EIF2S2
101928739	PIK3CA	689	BTF3
101928739	PIK3CA	4001	LMNB1
101928739	PIK3CA	984	CDK11B
101928739	PIK3CA	1465	CSRP1
101928739	PIK3CA	2316	FLNA
101928739	PIK3CA	4192	MDK
101928739	PIK3CA	5110	PCMT1
101928739	PIK3CA	2091	FBL
101928739	PIK3CA	3181	HNRNPA2B1
101928739	PIK3CA	867	CBL
101928739	PIK3CA	6917	TCEA1
101928739	PIK3CA	3655	ITGA6
101928739	PIK3CA	6421	SFPQ
101928739	PIK3CA	5479	PPIB
101928739	PIK3CA	6188	RPS3
101928739	PIK3CA	3716	JAK1
101928739	PIK3CA	191	AHCY
101928739	PIK3CA	1072	CFL1
101928739	PIK3CA	1975	EIF4B
101928739	PIK3CA	1933	EEF1B2
101928739	PIK3CA	4172	MCM3
101928739	PIK3CA	6206	RPS12
101928739	PIK3CA	6046	BRD2
101928739	PIK3CA	5682	PSMA1
101928739	PIK3CA	5685	PSMA4
101928739	PIK3CA	4478	MSN
101928739	PIK3CA	1656	DDX6
101928739	PIK3CA	11338	U2AF2
101928739	PIK3CA	6137	RPL13
101928739	PIK3CA	3148	HMGB2
101928739	PIK3CA	5725	PTBP1
101928739	PIK3CA	1937	EEF1G
101928739	PIK3CA	10971	YWHAQ
101928739	PIK3CA	6134	RPL10
101928739	PIK3CA	6117	RPA1
101928739	PIK3CA	328	APEX1
101928739	PIK3CA	790	CAD
101928739	PIK3CA	4134	MAP4
101928739	PIK3CA	821	CANX
101928739	PIK3CA	5295	PIK3R1
101928739	PIK3CA	6744	ITPRID2
101928739	PIK3CA	6273	S100A2
101928739	PIK3CA	1936	EEF1D
101928739	PIK3CA	4082	MARCKS
101928739	PIK3CA	9588	PRDX6
101928739	PIK3CA	6136	RPL12
101928739	PIK3CA	2923	PDIA3
101928739	PIK3CA	5518	PPP2R1A
101928739	PIK3CA	6249	CLIP1
101928739	PIK3CA	4144	MAT2A
101928739	PIK3CA	3301	DNAJA1
101928739	PIK3CA	3187	HNRNPH1
101928739	PIK3CA	7529	YWHAB
101928739	PIK3CA	2810	SFN
101928739	PIK3CA	6282	S100A11
101928739	PIK3CA	7001	PRDX2
101928739	PIK3CA	6133	RPL9
101928739	PIK3CA	3799	KIF5B
101928739	PIK3CA	4174	MCM5
101928739	PIK3CA	5646	PRSS3
101928739	PIK3CA	5217	PFN2
101928739	PIK3CA	1495	CTNNA1
101928739	PIK3CA	1499	CTNNB1
101928739	PIK3CA	5245	PHB1
101928739	PIK3CA	4771	NF2
101928739	PIK3CA	6146	RPL22
101928739	PIK3CA	2962	GTF2F1
101928739	PIK3CA	3857	KRT9
101928739	PIK3CA	3667	IRS1
101928739	PIK3CA	4627	MYH9
101928739	PIK3CA	4628	MYH10
101928739	PIK3CA	9276	COPB2
101928739	PIK3CA	7078	TIMP3
101928739	PIK3CA	2521	FUS
101928739	PIK3CA	7913	DEK
101928739	PIK3CA	5701	PSMC2
101928739	PIK3CA	509	ATP5F1C
101928739	PIK3CA	6124	RPL4
101928739	PIK3CA	6727	SRP14
101928739	PIK3CA	8407	TAGLN2
101928739	PIK3CA	27316	RBMX
101928739	PIK3CA	3313	HSPA9
101928739	PIK3CA	6223	RPS19
101928739	PIK3CA	6122	RPL3
101928739	PIK3CA	2237	FEN1
101928739	PIK3CA	908	CCT6A
101928739	PIK3CA	1968	EIF2S3
101928739	PIK3CA	8896	BUD31
101928739	PIK3CA	3376	IARS1
101928739	PIK3CA	10209	EIF1
101928739	PIK3CA	7112	TMPO
101928739	PIK3CA	5290	PIK3CA
101928739	PIK3CA	6232	RPS27
101928739	PIK3CA	23029	RBM34
101928739	PIK3CA	11224	RPL35
101928739	PIK3CA	9782	MATR3
101928739	PIK3CA	5704	PSMC4
101928739	PIK3CA	7417	VDAC2
101928739	PIK3CA	23468	CBX5
101928739	PIK3CA	4839	NOP2
101928739	PIK3CA	1399	CRKL
101928739	PIK3CA	6157	RPL27A
101928739	PIK3CA	6125	RPL5
101928739	PIK3CA	6144	RPL21
101928739	PIK3CA	6158	RPL28
101928739	PIK3CA	6203	RPS9
101928739	PIK3CA	6193	RPS5
101928739	PIK3CA	6204	RPS10
101928739	PIK3CA	8826	IQGAP1
101928739	PIK3CA	832	CAPZB
101928739	PIK3CA	1964	EIF1AX
101928739	PIK3CA	220	ALDH1A3
101928739	PIK3CA	5859	QARS1
101928739	PIK3CA	6159	RPL29
101928739	PIK3CA	539	ATP5PO
101928739	PIK3CA	372	ARCN1
101928739	PIK3CA	5714	PSMD8
101928739	PIK3CA	7916	PRRC2A
101928739	PIK3CA	22948	CCT5
101928739	PIK3CA	1452	CSNK1A1
101928739	PIK3CA	6164	RPL34
101928739	PIK3CA	2194	FASN
101928739	PIK3CA	7203	CCT3
101928739	PIK3CA	7284	TUFM
101928739	PIK3CA	6726	SRP9
101928739	PIK3CA	58517	RBM25
101928739	PIK3CA	1195	CLK1
101928739	PIK3CA	1198	CLK3
101928739	PIK3CA	9972	NUP153
101928739	PIK3CA	22978	NT5C2
101928739	PIK3CA	8833	GMPS
101928739	PIK3CA	2010	EMD
101928739	PIK3CA	9045	RPL14
101928739	PIK3CA	10694	CCT8
101928739	PIK3CA	10575	CCT4
101928739	PIK3CA	477	ATP1A2
101928739	PIK3CA	8087	FXR1
101928739	PIK3CA	858	CAV2
101928739	PIK3CA	5713	PSMD7
101928739	PIK3CA	220988	HNRNPA3
101928739	PIK3CA	4670	HNRNPM
101928739	PIK3CA	3838	KPNA2
101928739	PIK3CA	3836	KPNA1
101928739	PIK3CA	3185	HNRNPF
101928739	PIK3CA	3832	KIF11
101928739	PIK3CA	829	CAPZA1
101928739	PIK3CA	8091	HMGA2
101928739	PIK3CA	6576	SLC25A1
101928739	PIK3CA	1315	COPB1
101928739	PIK3CA	1314	COPA
101928739	PIK3CA	6525	SMTN
101928739	PIK3CA	6566	SLC16A1
101928739	PIK3CA	10923	SUB1
101928739	PIK3CA	1207	CLNS1A
101928739	PIK3CA	5917	RARS1
101928739	PIK3CA	5710	PSMD4
101928739	PIK3CA	7415	VCP
101928739	PIK3CA	4236	MFAP1
101928739	PIK3CA	7873	MANF
101928739	PIK3CA	4673	NAP1L1
101928739	PIK3CA	103	ADAR
101928739	PIK3CA	3188	HNRNPH2
101928739	PIK3CA	8662	EIF3B
101928739	PIK3CA	55161	TMEM33
101928739	PIK3CA	10093	ARPC4
101928739	PIK3CA	84337	ELOF1
101928739	PIK3CA	7167	TPI1
101928739	PIK3CA	3646	EIF3E
101928739	PIK3CA	10952	SEC61B
101928739	PIK3CA	4637	MYL6
101928739	PIK3CA	60	ACTB
101928739	PIK3CA	1973	EIF4A1
101928739	PIK3CA	6224	RPS20
101928739	PIK3CA	6281	S100A10
101928739	PIK3CA	998	CDC42
101928739	PIK3CA	11034	DSTN
101928739	PIK3CA	10096	ACTR3
101928739	PIK3CA	10097	ACTR2
101928739	PIK3CA	10121	ACTR1A
101928739	PIK3CA	6189	RPS3A
101928739	PIK3CA	6154	RPL26
101928739	PIK3CA	6138	RPL15
101928739	PIK3CA	6155	RPL27
101928739	PIK3CA	6168	RPL37A
101928739	PIK3CA	29927	SEC61A1
101928739	PIK3CA	3190	HNRNPK
101928739	PIK3CA	7532	YWHAG
101928739	PIK3CA	22800	RRAS2
101928739	PIK3CA	6201	RPS7
101928739	PIK3CA	5499	PPP1CA
101928739	PIK3CA	5700	PSMC1
101928739	PIK3CA	5705	PSMC5
101928739	PIK3CA	6202	RPS8
101928739	PIK3CA	6210	RPS15A
101928739	PIK3CA	6217	RPS16
101928739	PIK3CA	7531	YWHAE
101928739	PIK3CA	6208	RPS14
101928739	PIK3CA	6228	RPS23
101928739	PIK3CA	6222	RPS18
101928739	PIK3CA	6235	RPS29
101928739	PIK3CA	6207	RPS13
101928739	PIK3CA	6205	RPS11
101928739	PIK3CA	6636	SNRPF
101928739	PIK3CA	6632	SNRPD1
101928739	PIK3CA	6633	SNRPD2
101928739	PIK3CA	6634	SNRPD3
101928739	PIK3CA	5706	PSMC6
101928739	PIK3CA	6130	RPL7A
101928739	PIK3CA	7555	CNBP
101928739	PIK3CA	6191	RPS4X
101928739	PIK3CA	6147	RPL23A
101928739	PIK3CA	6194	RPS6
101928739	PIK3CA	121504	H4C16
101928739	PIK3CA	8363	H4C11
101928739	PIK3CA	8364	H4C3
101928739	PIK3CA	8365	H4C8
101928739	PIK3CA	8294	H4C9
101928739	PIK3CA	8359	H4C1
101928739	PIK3CA	8360	H4C4
101928739	PIK3CA	8361	H4C6
101928739	PIK3CA	8362	H4C12
101928739	PIK3CA	8366	H4C2
101928739	PIK3CA	5901	RAN
101928739	PIK3CA	9349	RPL23
101928739	PIK3CA	6209	RPS15
101928739	PIK3CA	6229	RPS24
101928739	PIK3CA	6230	RPS25
101928739	PIK3CA	6231	RPS26
101928739	PIK3CA	6234	RPS28
101928739	PIK3CA	2197	FAU
101928739	PIK3CA	2783	GNB2
101928739	PIK3CA	6156	RPL30
101928739	PIK3CA	6160	RPL31
101928739	PIK3CA	4736	RPL10A
101928739	PIK3CA	6161	RPL32
101928739	PIK3CA	6135	RPL11
101928739	PIK3CA	6132	RPL8
101928739	PIK3CA	5478	PPIA
101928739	PIK3CA	6233	RPS27A
101928739	PIK3CA	7311	UBA52
101928739	PIK3CA	2885	GRB2
101928739	PIK3CA	6434	TRA2B
101928739	PIK3CA	7534	YWHAZ
101928739	PIK3CA	5520	PPP2R2A
101928739	PIK3CA	8655	DYNLL1
101928739	PIK3CA	6169	RPL38
101928739	PIK3CA	2787	GNG5
101928739	PIK3CA	4904	YBX1
101928739	PIK3CA	7171	TPM4
101928739	PIK3CA	7332	UBE2L3
101928739	PIK3CA	1915	EEF1A1
101928739	PIK3CA	7277	TUBA4A
101928739	PIK3CA	10383	TUBB4B
101928739	PIK3CA	3039	HBA1
101928739	PIK3CA	3040	HBA2
101928739	PIK3CA	8602	NOP14
101928739	PIK3CA	10557	RPP38
101928739	PIK3CA	2969	GTF2I
101928739	PIK3CA	10576	CCT2
101928739	PIK3CA	84324	SARNP
101928739	PIK3CA	6152	RPL24
101928739	PIK3CA	2079	ERH
101928739	PIK3CA	6143	RPL19
101928739	PIK3CA	10169	SERF2
101928739	PIK3CA	6428	SRSF3
101928739	PIK3CA	8241	RBM10
101928739	PIK3CA	5935	RBM3
101928739	PIK3CA	54205	CYCS
101928739	PIK3CA	7019	TFAM
101928739	PIK3CA	5250	SLC25A3
101928739	PIK3CA	3069	HDLBP
101928739	PIK3CA	1213	CLTC
101928739	PIK3CA	2287	FKBP3
101928739	PIK3CA	3192	HNRNPU
101928739	PIK3CA	102724594	LOC102724594
101928739	PIK3CA	7307	U2AF1
101928739	PIK3CA	6711	SPTBN1
101928739	PIK3CA	6427	SRSF2
101928739	PIK3CA	10410	IFITM3
101928739	PIK3CA	8140	SLC7A5
101928739	PIK3CA	5394	EXOSC10
101928739	PIK3CA	54726	OTUD4
101928739	PIK3CA	2130	EWSR1
101928739	PIK3CA	8227	AKAP17A
101928739	PIK3CA	3084	NRG1
101928739	PIK3CA	6142	RPL18A
101928739	PIK3CA	6128	RPL6
101928739	PIK3CA	8402	SLC25A11
101928739	PIK3CA	857	CAV1
101928739	PIK3CA	5805	PTS
101928739	PIK3CA	10153	CEBPZ
101928739	PIK3CA	1981	EIF4G1
101928739	PIK3CA	7533	YWHAH
101928739	PIK3CA	9295	SRSF11
101928739	PIK3CA	5781	PTPN11
101928739	PIK3CA	5052	PRDX1
101928739	PIK3CA	1960	EGR3
101928739	PIK3CA	6141	RPL18
101928739	PIK3CA	10970	CKAP4
101928739	PIK3CA	10657	KHDRBS1
101928739	PIK3CA	6426	SRSF1
101928739	PIK3CA	6429	SRSF4
101928739	PIK3CA	1660	DHX9
101928739	PIK3CA	6749	SSRP1
101928739	PIK3CA	5928	RBBP4
101928739	PIK3CA	79026	AHNAK
101928739	PIK3CA	5756	TWF1
101928739	PIK3CA	6433	SFSWAP
101928739	PIK3CA	10946	SF3A3
101928739	PIK3CA	3609	ILF3
101928739	PIK3CA	2314	FLII
101928739	PIK3CA	3550	IK
101928739	PIK3CA	10949	HNRNPA0
101928739	PIK3CA	11335	CBX3
101928739	PIK3CA	5708	PSMD2
101928739	PIK3CA	8683	SRSF9
101928739	PIK3CA	6430	SRSF5
101928739	PIK3CA	6431	SRSF6
101928739	PIK3CA	10155	TRIM28
101928739	PIK3CA	10146	G3BP1
101928739	PIK3CA	8668	EIF3I
101928739	PIK3CA	1781	DYNC1I2
101928739	PIK3CA	9360	PPIG
101928739	PIK3CA	6949	TCOF1
101928739	PIK3CA	10992	SF3B2
101928739	PIK3CA	11333	PDAP1
101928739	PIK3CA	2549	GAB1
101928739	PIK3CA	8878	SQSTM1
101928739	PIK3CA	10381	TUBB3
101928739	PIK3CA	8899	PRPF4B
101928739	PIK3CA	3065	HDAC1
101928739	PIK3CA	10540	DCTN2
101928739	PIK3CA	22938	SNW1
101928739	PIK3CA	3914	LAMB3
101928739	PIK3CA	3918	LAMC2
101928739	PIK3CA	6709	SPTAN1
101928739	PIK3CA	29889	GNL2
101928739	PIK3CA	1153	CIRBP
101928739	PIK3CA	10063	COX17
101928739	PIK3CA	3184	HNRNPD
101928739	PIK3CA	23650	TRIM29
101928739	PIK3CA	8661	EIF3A
101928739	PIK3CA	9898	UBAP2L
101928739	PIK3CA	1639	DCTN1
101928739	PIK3CA	1778	DYNC1H1
101928739	PIK3CA	6924	ELOA
101928739	PIK3CA	9053	MAP7
101928739	PIK3CA	2017	CTTN
101928739	PIK3CA	5955	RCN2
101928739	PIK3CA	2483	FRG1
101928739	PIK3CA	4076	CAPRIN1
101928739	PIK3CA	9584	RBM39
101928739	PIK3CA	9982	FGFBP1
101928739	PIK3CA	10954	PDIA5
101928739	PIK3CA	1659	DHX8
101928739	PIK3CA	3710	ITPR3
101928739	PIK3CA	3700	ITIH4
101928739	PIK3CA	23510	KCTD2
101928739	PIK3CA	9790	BMS1
101928739	PIK3CA	23184	MESD
101928739	PIK3CA	1108	CHD4
101928739	PIK3CA	27332	ZNF638
101928739	PIK3CA	3837	KPNB1
101928739	PIK3CA	9221	NOLC1
101928739	PIK3CA	4926	NUMA1
101928739	PIK3CA	9768	PCLAF
101928739	PIK3CA	9861	PSMD6
101928739	PIK3CA	9643	MORF4L2
101928739	PIK3CA	9343	EFTUD2
101928739	PIK3CA	7458	EIF4H
101928739	PIK3CA	23527	ACAP2
101928739	PIK3CA	10130	PDIA6
101928739	PIK3CA	5339	PLEC
101928739	PIK3CA	11329	STK38
101928739	PIK3CA	4841	NONO
101928739	PIK3CA	10921	RNPS1
101928739	PIK3CA	5093	PCBP1
101928739	PIK3CA	5094	PCBP2
101928739	PIK3CA	6923	ELOB
101928739	PIK3CA	9804	TOMM20
101928739	PIK3CA	23450	SF3B3
101928739	PIK3CA	6294	SAFB
101928739	PIK3CA	10262	SF3B4
101928739	PIK3CA	8175	SF3A2
101928739	PIK3CA	10291	SF3A1
101928739	PIK3CA	7045	TGFBI
101928739	PIK3CA	7536	SF1
101928739	PIK3CA	9324	HMGN3
101928739	PIK3CA	10454	TAB1
101928739	PIK3CA	10953	TOMM34
101928739	PIK3CA	1466	CSRP2
101928739	PIK3CA	1642	DDB1
101928739	PIK3CA	11140	CDC37
101928739	PIK3CA	6432	SRSF7
101928739	PIK3CA	11052	CPSF6
101928739	PIK3CA	1627	DBN1
101928739	PIK3CA	6624	FSCN1
101928739	PIK3CA	3428	IFI16
101928739	PIK3CA	25797	QPCT
101928739	PIK3CA	3909	LAMA3
101928739	PIK3CA	5209	PFKFB3
101928739	PIK3CA	221092	HNRNPUL2
101928739	PIK3CA	55234	SMU1
101928739	PIK3CA	143884	CWF19L2
101928739	PIK3CA	221830	POLR1F
101928739	PIK3CA	55700	MAP7D1
101928739	PIK3CA	347688	TUBB8
101928739	PIK3CA	26000	TBC1D10B
101928739	PIK3CA	55421	NCBP3
101928739	PIK3CA	51144	HSD17B12
101928739	PIK3CA	345651	ACTBL2
101928739	PIK3CA	257415	FAM133B
101928739	PIK3CA	143684	FAM76B
101928739	PIK3CA	23223	RRP12
101928739	PIK3CA	92521	SPECC1
101928739	PIK3CA	54953	ODR4
101928739	PIK3CA	23091	ZC3H13
101928739	PIK3CA	51490	SPOUT1
101928739	PIK3CA	55833	UBAP2
101928739	PIK3CA	64062	RBM26
101928739	PIK3CA	55119	PRPF38B
101928739	PIK3CA	51329	ARL6IP4
101928739	PIK3CA	144108	SPTY2D1
101928739	PIK3CA	23384	SPECC1L
101928739	PIK3CA	391107	OR10K2
101928739	PIK3CA	170954	PPP1R18
101928739	PIK3CA	284119	CAVIN1
101928739	PIK3CA	64928	MRPL14
101928739	PIK3CA	6873	TAF2
101928739	PIK3CA	10594	PRPF8
101928739	PIK3CA	55681	SCYL2
101928739	PIK3CA	54890	ALKBH5
101928739	PIK3CA	84722	PSRC1
101928739	PIK3CA	339230	CCDC137
101928739	PIK3CA	81608	FIP1L1
101928739	PIK3CA	80335	WDR82
101928739	PIK3CA	23164	MPRIP
101928739	PIK3CA	286077	FAM83H
101928739	PIK3CA	55216	NKAPD1
101928739	PIK3CA	81532	MOB2
101928739	PIK3CA	121457	IKBIP
101928739	PIK3CA	51065	RPS27L
101928739	PIK3CA	2011	MARK2
101928739	PIK3CA	9879	DDX46
101928739	PIK3CA	54931	TRMT10C
101928739	PIK3CA	65117	RSRC2
101928739	PIK3CA	84844	PHF5A
101928739	PIK3CA	79784	MYH14
101928739	PIK3CA	57532	NUFIP2
101928739	PIK3CA	84717	HDGFL2
101928739	PIK3CA	5930	RBBP6
101928739	PIK3CA	90102	PHLDB2
101928739	PIK3CA	92140	MTDH
101928739	PIK3CA	3895	KTN1
101928739	PIK3CA	7798	LUZP1
101928739	PIK3CA	10189	ALYREF
101928739	PIK3CA	124245	ZC3H18
101928739	PIK3CA	8887	TAX1BP1
101928739	PIK3CA	8496	PPFIBP1
101928739	PIK3CA	91582	RPS19BP1
101928739	PIK3CA	9541	CIR1
101928739	PIK3CA	11325	DDX42
101928739	PIK3CA	64925	CCDC71
101928739	PIK3CA	113146	AHNAK2
101928739	PIK3CA	126353	MISP
101928739	PIK3CA	79649	MAP7D3
101928739	PIK3CA	84295	PHF6
101928739	PIK3CA	10523	CHERP
101928739	PIK3CA	54431	DNAJC10
101928739	PIK3CA	117246	FTSJ3
101928739	PIK3CA	10250	SRRM1
101928739	PIK3CA	401466	RBIS
101928739	PIK3CA	57470	LRRC47
101928739	PIK3CA	84619	ZGPAT
101928739	PIK3CA	257397	TAB3
101928739	PIK3CA	79576	NKAP
101928739	PIK3CA	79734	KCTD17
101928739	PIK3CA	79869	CPSF7
101928739	PIK3CA	126526	C19orf47
101928739	PIK3CA	285672	SREK1IP1
101928739	PIK3CA	84950	PRPF38A
101928739	PIK3CA	26135	SERBP1
101928739	PIK3CA	25940	FAM98A
101928739	PIK3CA	79659	DYNC2H1
101928739	PIK3CA	26065	LSM14A
101928739	PIK3CA	128061	C1orf131
101928739	PIK3CA	23	ABCF1
101928739	PIK3CA	51535	PPHLN1
101928739	PIK3CA	55907	CMAS
101928739	PIK3CA	57187	THOC2
101928739	PIK3CA	6100	RP9
101928739	PIK3CA	79753	SNIP1
101928739	PIK3CA	51263	MRPL30
101928739	PIK3CA	55299	BRIX1
101928739	PIK3CA	9821	RB1CC1
101928739	PIK3CA	25957	PNISR
101928739	PIK3CA	57619	SHROOM3
101928739	PIK3CA	55854	ZC3H15
101928739	PIK3CA	85313	PPIL4
101928739	PIK3CA	58509	CACTIN
101928739	PIK3CA	11017	SNRNP27
101928739	PIK3CA	4008	LMO7
101928739	PIK3CA	26121	PRPF31
101928739	PIK3CA	140890	SREK1
101928739	PIK3CA	25909	AHCTF1
101928739	PIK3CA	1653	DDX1
101928739	PIK3CA	7922	SLC39A7
101928739	PIK3CA	8971	H1-10
101928739	PIK3CA	8503	PIK3R3
101928739	PIK3CA	23469	PHF3
101928739	PIK3CA	10808	HSPH1
101928739	PIK3CA	399687	MYO18A
101928739	PIK3CA	9785	DHX38
101928739	PIK3CA	5546	PRCC
101928739	PIK3CA	8148	TAF15
101928739	PIK3CA	10521	DDX17
101928739	PIK3CA	112464	CAVIN3
101928739	PIK3CA	6166	RPL36AL
101928739	PIK3CA	57003	CCDC47
101928739	PIK3CA	8880	FUBP1
101928739	PIK3CA	55379	LRRC59
101928739	PIK3CA	144455	E2F7
101928739	PIK3CA	54984	PINX1
101928739	PIK3CA	23197	FAF2
101928739	PIK3CA	134147	CMBL
101928739	PIK3CA	9410	SNRNP40
101928739	PIK3CA	88745	RRP36
101928739	PIK3CA	55319	TMA16
101928739	PIK3CA	140576	S100A16
101928739	PIK3CA	92856	IMP4
101928739	PIK3CA	51101	ZC2HC1A
101928739	PIK3CA	192111	PGAM5
101928739	PIK3CA	84991	RBM17
101928739	PIK3CA	51319	RSRC1
101928739	PIK3CA	127428	TCEANC2
101928739	PIK3CA	153527	ZMAT2
101928739	PIK3CA	100526737	RBM14-RBM4
101928739	PIK3CA	10432	RBM14
101928739	PIK3CA	5814	PURB
101928739	PIK3CA	84687	PPP1R9B
101928739	PIK3CA	64783	RBM15
101928739	PIK3CA	26292	MYCBP
101928739	PIK3CA	988	CDC5L
101928739	PIK3CA	5707	PSMD1
101928739	PIK3CA	9169	SCAF11
101928739	PIK3CA	8663	EIF3C
101928739	PIK3CA	7266	DNAJC7
101928739	PIK3CA	11331	PHB2
101928739	PIK3CA	3028	HSD17B10
101928739	PIK3CA	3182	HNRNPAB
101928739	PIK3CA	8394	PIP5K1A
101928739	PIK3CA	10574	CCT7
101928739	PIK3CA	3276	PRMT1
101928739	PIK3CA	5318	PKP2
101928739	PIK3CA	64981	MRPL34
101928739	PIK3CA	79002	TRIR
101928739	PIK3CA	79084	WDR77
101928739	PIK3CA	78988	MRPL57
101928739	PIK3CA	84790	TUBA1C
101928739	PIK3CA	10514	MYBBP1A
101928739	PIK3CA	84811	BUD13
101928739	PIK3CA	10929	SRSF8
101928739	PIK3CA	55094	GPATCH1
101928739	PIK3CA	83732	RIOK1
101928739	PIK3CA	53918	PELO
101928739	PIK3CA	84292	WDR83
101928739	PIK3CA	79954	NOL10
101928739	PIK3CA	79169	C1orf35
101928739	PIK3CA	144097	SPINDOC
101928739	PIK3CA	84617	TUBB6
101928739	PIK3CA	9416	DDX23
101928739	PIK3CA	83443	SF3B5
101928739	PIK3CA	22950	SLC4A1AP
101928739	PIK3CA	149986	LSM14B
101928739	PIK3CA	51593	SRRT
101928739	PIK3CA	51203	NUSAP1
101928739	PIK3CA	83939	EIF2A
101928739	PIK3CA	84271	POLDIP3
101928739	PIK3CA	64983	MRPL32
101928739	PIK3CA	84365	NIFK
101928739	PIK3CA	59286	UBL5
101928739	PIK3CA	85456	TNKS1BP1
101928739	PIK3CA	55339	WDR33
101928739	PIK3CA	64073	C19orf33
101928739	PIK3CA	81892	SLIRP
101928739	PIK3CA	81570	CLPB
101928739	PIK3CA	55341	LSG1
101928739	PIK3CA	55226	NAT10
101928739	PIK3CA	22803	XRN2
101928739	PIK3CA	84081	NSRP1
101928739	PIK3CA	51202	DDX47
101928739	PIK3CA	81876	RAB1B
101928739	PIK3CA	170506	DHX36
101928739	PIK3CA	5411	PNN
101928739	PIK3CA	8626	TP63
101928739	PIK3CA	91574	MTRFR
101928739	PIK3CA	654483	BOLA2B
101928739	PIK3CA	552900	BOLA2
101928739	PIK3CA	51575	ESF1
101928739	PIK3CA	63932	STEEP1
101928739	PIK3CA	60625	DHX35
101928739	PIK3CA	65980	BRD9
101928739	PIK3CA	63877	FAM204A
101928739	PIK3CA	81617	CAB39L
101928739	PIK3CA	27101	CACYBP
101928739	PIK3CA	51538	ZCCHC17
101928739	PIK3CA	56943	ENY2
101928739	PIK3CA	55505	NOP10
101928739	PIK3CA	29117	BRD7
101928739	PIK3CA	55692	LUC7L
101928739	PIK3CA	692312	PPAN-P2RY11
101928739	PIK3CA	56342	PPAN
101928739	PIK3CA	55352	COPRS
101928739	PIK3CA	57050	UTP3
101928739	PIK3CA	9188	DDX21
101928739	PIK3CA	55915	LANCL2
101928739	PIK3CA	85395	SLX9
101928739	PIK3CA	26010	SPATS2L
101928739	PIK3CA	25879	DCAF13
101928739	PIK3CA	55210	ATAD3A
101928739	PIK3CA	54552	GNL3L
101928739	PIK3CA	8886	DDX18
101928739	PIK3CA	55153	SDAD1
101928739	PIK3CA	55131	RBM28
101928739	PIK3CA	55082	ARGLU1
101928739	PIK3CA	79811	SLTM
101928739	PIK3CA	55003	PAK1IP1
101928739	PIK3CA	29093	MRPL22
101928739	PIK3CA	54951	COMMD8
101928739	PIK3CA	55651	NHP2
101928739	PIK3CA	55646	LYAR
101928739	PIK3CA	54883	CWC25
101928739	PIK3CA	54814	QPCTL
101928739	PIK3CA	54442	KCTD5
101928739	PIK3CA	54433	GAR1
101928739	PIK3CA	54606	DDX56
101928739	PIK3CA	9774	BCLAF1
101928739	PIK3CA	23118	TAB2
101928739	PIK3CA	29766	TMOD3
101928739	PIK3CA	26499	PLEK2
101928739	PIK3CA	51755	CDK12
101928739	PIK3CA	9524	TECR
101928739	PIK3CA	23196	FAM120A
101928739	PIK3CA	29087	THYN1
101928739	PIK3CA	9419	CRIPT
101928739	PIK3CA	29080	CCDC59
101928739	PIK3CA	9218	VAPA
101928739	PIK3CA	55920	RCC2
101928739	PIK3CA	57606	SLAIN2
101928739	PIK3CA	6238	RRBP1
101928739	PIK3CA	54439	RBM27
101928739	PIK3CA	57519	STARD9
101928739	PIK3CA	55970	GNG12
101928739	PIK3CA	27335	EIF3K
101928739	PIK3CA	10933	MORF4L1
101928739	PIK3CA	9414	TJP2
101928739	PIK3CA	79159	NOL12
101928739	PIK3CA	25777	SUN2
101928739	PIK3CA	51474	LIMA1
101928739	PIK3CA	10801	SEPTIN9
101928739	PIK3CA	9510	ADAMTS1
101928739	PIK3CA	29115	SAP30BP
101928739	PIK3CA	22827	PUF60
101928739	PIK3CA	51504	TRMT112
101928739	PIK3CA	10165	SLC25A13
101928739	PIK3CA	51428	DDX41
101928739	PIK3CA	57018	CCNL1
101928739	PIK3CA	22913	RALY
101928739	PIK3CA	22985	ACIN1
101928739	PIK3CA	23603	CORO1C
101928739	PIK3CA	4646	MYO6
101928739	PIK3CA	1308	COL17A1
101928739	PIK3CA	27339	PRPF19
101928739	PIK3CA	51406	NOL7
101928739	PIK3CA	9908	G3BP2
101928739	PIK3CA	5719	PSMD13
101928739	PIK3CA	27292	DIMT1
101928739	PIK3CA	28974	C19orf53
101928739	PIK3CA	23211	ZC3H4
101928739	PIK3CA	23524	SRRM2
101928739	PIK3CA	51637	RTRAF
101928739	PIK3CA	10856	RUVBL2
101928739	PIK3CA	5303	PIN4
101928739	PIK3CA	51386	EIF3L
101928739	PIK3CA	8607	RUVBL1
101928739	PIK3CA	10726	NUDC
101928739	PIK3CA	23012	STK38L
101928739	PIK3CA	22890	ZBTB1
101928739	PIK3CA	10171	RCL1
101928739	PIK3CA	51372	TMA7
101928739	PIK3CA	9967	THRAP3
101928739	PIK3CA	51729	WBP11
101928739	PIK3CA	51602	NOP58
101928739	PIK3CA	51077	FCF1
101928739	PIK3CA	51631	LUC7L2
101928739	PIK3CA	51634	RBMX2
101928739	PIK3CA	27341	RRP7A
101928739	PIK3CA	51119	SBDS
101928739	PIK3CA	51639	SF3B6
101928739	PIK3CA	51645	PPIL1
101928739	PIK3CA	50810	HDGFL3
101928739	PIK3CA	11171	STRAP
101928739	PIK3CA	51493	RTCB
101928739	PIK3CA	25873	RPL36
101928739	PIK3CA	26097	CHTOP
101928739	PIK3CA	26017	FAM32A
101928739	PIK3CA	11187	PKP3
101928739	PIK3CA	7094	TLN1
101928739	PIK3CA	9958	USP15
101928739	PIK3CA	4644	MYO5A
101928739	PIK3CA	202	CRYBG1
101928739	PIK3CA	10525	HYOU1
101928739	PIK3CA	25804	LSM4
101928739	PIK3CA	23215	PRRC2C
101928739	PIK3CA	23612	PHLDA3
101928739	PIK3CA	9939	RBM8A
101928739	PIK3CA	51123	ZNF706
101928739	PIK3CA	9209	LRRFIP2
101928739	PIK3CA	10927	SPIN1
101928739	PIK3CA	22820	COPG1
101928739	PIK3CA	29105	CFAP20
101928739	PIK3CA	51142	CHCHD2
101928739	PIK3CA	10644	IGF2BP2
101928739	PIK3CA	54555	DDX49
101928739	PIK3CA	10625	IVNS1ABP
101928739	PIK3CA	219541	MED19
101928739	PIK3CA	26030	PLEKHG3
101928739	PIK3CA	129446	XIRP2
101928739	PIK3CA	644815	FAM83G
101928739	PIK3CA	23347	SMCHD1
101928739	PIK3CA	4641	MYO1C
101928739	PIK3CA	5717	PSMD11
101928739	PIK3CA	5718	PSMD12
101928739	PIK3CA	8535	CBX4
101928739	PIK3CA	6874	TAF4
101928739	PIK3CA	1192	CLIC1
101928739	PIK3CA	8665	EIF3F
101928739	PIK3CA	3843	IPO5
101928739	PIK3CA	10284	SAP18
101928739	PIK3CA	5296	PIK3R2
101928739	PIK3CA	10473	HMGN4
101928739	PIK3CA	51042	ZNF593
101928739	PIK3CA	3839	KPNA3
101928739	PIK3CA	3898	LAD1
101928739	PIK3CA	23481	PES1
101928739	PIK3CA	10199	MPHOSPH10
101928739	PIK3CA	10528	NOP56
101928739	PIK3CA	1654	DDX3X
101928739	PIK3CA	3491	CCN1
101928739	PIK3CA	6319	SCD
101928739	PIK3CA	11316	COPE
101928739	PIK3CA	8943	AP3D1
101928739	PIK3CA	1105	CHD1
101928739	PIK3CA	10419	PRMT5
101928739	PIK3CA	4659	PPP1R12A
101928739	PIK3CA	23350	U2SURP
101928739	PIK3CA	10095	ARPC1B
101928739	PIK3CA	10109	ARPC2
101928739	PIK3CA	10094	ARPC3
101928739	PIK3CA	3149	HMGB3
101928739	PIK3CA	8664	EIF3D
101928739	PIK3CA	8667	EIF3H
101928739	PIK3CA	1665	DHX15
101928739	PIK3CA	26037	SIPA1L1
101928739	PIK3CA	5709	PSMD3
101928739	PIK3CA	9092	SART1
101928739	PIK3CA	6885	MAP3K7
101928739	PIK3CA	9521	EEF1E1
101928739	PIK3CA	10236	HNRNPR
101928739	PIK3CA	9129	PRPF3
101928739	PIK3CA	8562	DENR
101928739	PIK3CA	7756	ZNF207
101928739	PIK3CA	9184	BUB3
101928739	PIK3CA	81	ACTN4
101928739	PIK3CA	27336	HTATSF1
101928739	PIK3CA	4430	MYO1B
101928739	PIK3CA	11051	NUDT21
101928739	PIK3CA	10492	SYNCRIP
101928739	PIK3CA	1500	CTNND1
101928739	PIK3CA	5208	PFKFB2
101928739	PIK3CA	1736	DKC1
101928739	PIK3CA	9669	EIF5B
101928739	PIK3CA	8721	EDF1
101928739	PIK3CA	10294	DNAJA2
101928739	PIK3CA	9555	MACROH2A1
101928739	PIK3CA	2317	FLNB
101928739	PIK3CA	9553	MRPL33
101928739	PIK3CA	55660	PRPF40A
101928739	PIK3CA	11168	PSIP1
101928739	PIK3CA	10772	SRSF10
101928739	PIK3CA	23451	SF3B1
101928739	PIK3CA	23020	SNRNP200
101928739	PIK3CA	5495	PPM1B
101928739	PIK3CA	8666	EIF3G
101928739	PIK3CA	5716	PSMD10
101928739	PIK3CA	728492	SERF1B
101928739	PIK3CA	8293	SERF1A
101928739	PIK3CA	22826	DNAJC8
101928739	PIK3CA	10285	SMNDC1
101928739	PIK3CA	26156	RSL1D1
101928739	PIK3CA	9219	MTA2
101928739	PIK3CA	4642	MYO1D
101928739	PIK3CA	24148	PRPF6
101928739	PIK3CA	285527	FRYL
101928739	PIK3CA	11098	PRSS23
101928739	PIK3CA	9406	ZRANB2
101928739	PIK3CA	51747	LUC7L3
101928739	PIK3CA	10527	IPO7
101928739	PIK3CA	10569	SLU7
101928739	PIK3CA	10421	CD2BP2
101928739	PIK3CA	6840	SVIL
101928739	PIK3CA	10898	CPSF4
101928739	PIK3CA	9532	BAG2
101928739	PIK3CA	51060	TXNDC12
101928739	PIK3CA	3939	LDHA
101928739	PIK3CA	1356	CP
101928739	PIK3CA	1956	EGFR
101928739	PIK3CA	3240	HP
101928739	PIK3CA	718	C3
101928739	PIK3CA	4000	LMNA
101928739	PIK3CA	2266	FGG
101928739	PIK3CA	226	ALDOA
101928739	PIK3CA	1476	CSTB
101928739	PIK3CA	301	ANXA1
101928739	PIK3CA	338	APOB
101928739	PIK3CA	5621	PRNP
101928739	PIK3CA	3848	KRT1
101928739	PIK3CA	2597	GAPDH
101928739	PIK3CA	3315	HSPB1
101928739	PIK3CA	6184	RPN1
101928739	PIK3CA	2771	GNAI2
101928739	PIK3CA	3150	HMGN1
101928739	PIK3CA	5055	SERPINB2
101928739	PIK3CA	292	SLC25A5
101928739	PIK3CA	1965	EIF2S1
101928739	PIK3CA	3151	HMGN2
101928739	PIK3CA	6181	RPLP2
101928739	PIK3CA	3875	KRT18
101928739	PIK3CA	6277	S100A6
101928739	PIK3CA	2023	ENO1
101928739	PIK3CA	4869	NPM1
101928739	PIK3CA	7170	TPM3
101928739	PIK3CA	5034	P4HB
101928739	PIK3CA	302	ANXA2
101928739	PIK3CA	203068	TUBB
101928739	PIK3CA	5216	PFN1
101928739	PIK3CA	2058	EPRS1
101928739	PIK3CA	3320	HSP90AA1
101928739	PIK3CA	3183	HNRNPC
101928739	PIK3CA	7057	THBS1
101928739	PIK3CA	6520	SLC3A2
101928739	PIK3CA	3326	HSP90AB1
101928739	PIK3CA	6734	SRPRA
101928739	PIK3CA	6629	SNRPB2
101928739	PIK3CA	6625	SNRNP70
101928739	PIK3CA	6218	RPS17
101928739	PIK3CA	2773	GNAI3
101928739	PIK3CA	3921	RPSA
101928739	PIK3CA	6626	SNRPA
101928739	PIK3CA	2247	FGF2
101928739	PIK3CA	3956	LGALS1
101928739	PIK3CA	3146	HMGB1
101928739	PIK3CA	7168	TPM1
101928739	PIK3CA	1211	CLTA
101928739	PIK3CA	284106	CISD3
101928739	PIK3CA	83871	RAB34
101928739	PIK3CA	51082	POLR1D
101928739	PIK3CA	3008	H1-4
101928739	PIK3CA	7295	TXN
101928739	PIK3CA	3309	HSPA5
101928739	PIK3CA	3312	HSPA8
101928739	PIK3CA	7150	TOP1
101928739	PIK3CA	26986	PABPC1
101928739	PIK3CA	5111	PCNA
101928739	PIK3CA	3615	IMPDH2
101928739	PIK3CA	5744	PTHLH
101928739	PIK3CA	87	ACTN1
101928739	PIK3CA	2547	XRCC6
101928739	PIK3CA	7520	XRCC5
101928739	PIK3CA	6050	RNH1
101928739	PIK3CA	1938	EEF2
101928739	PIK3CA	9601	PDIA4
101928739	PIK3CA	7178	TPT1
101928739	PIK3CA	3936	LCP1
101928739	PIK3CA	5358	PLS3
101928739	PIK3CA	2963	GTF2F2
101928739	PIK3CA	5315	PKM
101928739	PIK3CA	7184	HSP90B1
101928739	PIK3CA	3191	HNRNPL
101928739	PIK3CA	1615	DARS1
101928739	PIK3CA	3728	JUP
101928739	PIK3CA	5880	RAC2
101928739	PIK3CA	4830	NME1
101928739	PIK3CA	6187	RPS2
101928739	PIK3CA	1832	DSP
101928739	PIK3CA	6118	RPA2
101928739	PIK3CA	960	CD44
101928739	PIK3CA	3691	ITGB4
101928739	PIK3CA	3009	H1-5
101928739	PIK3CA	3006	H1-2
101928739	PIK3CA	488	ATP2A2
101928739	PIK3CA	8531	YBX3
101928739	PIK3CA	3159	HMGA1
101928739	PIK3CA	1655	DDX5
101928739	PIK3CA	5702	PSMC3
101928739	PIK3CA	6950	TCP1
101928739	PIK3CA	6165	RPL35A
101928739	PIK3CA	378	ARF4
101928739	PIK3CA	6129	RPL7
101928739	PIK3CA	7936	NELFE
101928739	PIK3CA	6139	RPL17
101928739	PIK3CA	4691	NCL
101928739	PIK3CA	6737	TRIM21
101928739	PIK3CA	8894	EIF2S2
101928739	PIK3CA	689	BTF3
101928739	PIK3CA	4001	LMNB1
101928739	PIK3CA	984	CDK11B
101928739	PIK3CA	1465	CSRP1
101928739	PIK3CA	2316	FLNA
101928739	PIK3CA	4192	MDK
101928739	PIK3CA	5110	PCMT1
101928739	PIK3CA	2091	FBL
101928739	PIK3CA	3181	HNRNPA2B1
101928739	PIK3CA	867	CBL
101928739	PIK3CA	6917	TCEA1
101928739	PIK3CA	3655	ITGA6
101928739	PIK3CA	6421	SFPQ
101928739	PIK3CA	5479	PPIB
101928739	PIK3CA	6188	RPS3
101928739	PIK3CA	3716	JAK1
101928739	PIK3CA	191	AHCY
101928739	PIK3CA	1072	CFL1
101928739	PIK3CA	1975	EIF4B
101928739	PIK3CA	1933	EEF1B2
101928739	PIK3CA	4172	MCM3
101928739	PIK3CA	6206	RPS12
101928739	PIK3CA	6046	BRD2
101928739	PIK3CA	7528	YY1
101928739	PIK3CA	5685	PSMA4
101928739	PIK3CA	4478	MSN
101928739	PIK3CA	1656	DDX6
101928739	PIK3CA	11338	U2AF2
101928739	PIK3CA	6137	RPL13
101928739	PIK3CA	3712	IVD
101928739	PIK3CA	3148	HMGB2
101928739	PIK3CA	5725	PTBP1
101928739	PIK3CA	1937	EEF1G
101928739	PIK3CA	2040	STOM
101928739	PIK3CA	10971	YWHAQ
101928739	PIK3CA	6134	RPL10
101928739	PIK3CA	6117	RPA1
101928739	PIK3CA	328	APEX1
101928739	PIK3CA	790	CAD
101928739	PIK3CA	811	CALR
101928739	PIK3CA	4134	MAP4
101928739	PIK3CA	821	CANX
101928739	PIK3CA	5295	PIK3R1
101928739	PIK3CA	6744	ITPRID2
101928739	PIK3CA	6273	S100A2
101928739	PIK3CA	2961	GTF2E2
101928739	PIK3CA	1936	EEF1D
101928739	PIK3CA	4082	MARCKS
101928739	PIK3CA	9588	PRDX6
101928739	PIK3CA	6136	RPL12
101928739	PIK3CA	2923	PDIA3
101928739	PIK3CA	5518	PPP2R1A
101928739	PIK3CA	6249	CLIP1
101928739	PIK3CA	4144	MAT2A
101928739	PIK3CA	3301	DNAJA1
101928739	PIK3CA	3187	HNRNPH1
101928739	PIK3CA	7529	YWHAB
101928739	PIK3CA	2810	SFN
101928739	PIK3CA	7001	PRDX2
101928739	PIK3CA	6133	RPL9
101928739	PIK3CA	3799	KIF5B
101928739	PIK3CA	4174	MCM5
101928739	PIK3CA	5646	PRSS3
101928739	PIK3CA	5217	PFN2
101928739	PIK3CA	1495	CTNNA1
101928739	PIK3CA	1499	CTNNB1
101928739	PIK3CA	5245	PHB1
101928739	PIK3CA	4771	NF2
101928739	PIK3CA	6119	RPA3
101928739	PIK3CA	6146	RPL22
101928739	PIK3CA	2962	GTF2F1
101928739	PIK3CA	3857	KRT9
101928739	PIK3CA	3667	IRS1
101928739	PIK3CA	4627	MYH9
101928739	PIK3CA	4628	MYH10
101928739	PIK3CA	9276	COPB2
101928739	PIK3CA	7078	TIMP3
101928739	PIK3CA	2521	FUS
101928739	PIK3CA	7913	DEK
101928739	PIK3CA	5701	PSMC2
101928739	PIK3CA	509	ATP5F1C
101928739	PIK3CA	6124	RPL4
101928739	PIK3CA	6727	SRP14
101928739	PIK3CA	8407	TAGLN2
101928739	PIK3CA	27316	RBMX
101928739	PIK3CA	3313	HSPA9
101928739	PIK3CA	9775	EIF4A3
101928739	PIK3CA	6223	RPS19
101928739	PIK3CA	6122	RPL3
101928739	PIK3CA	2237	FEN1
101928739	PIK3CA	908	CCT6A
101928739	PIK3CA	1968	EIF2S3
101928739	PIK3CA	8896	BUD31
101928739	PIK3CA	3376	IARS1
101928739	PIK3CA	10209	EIF1
101928739	PIK3CA	7112	TMPO
101928739	PIK3CA	5290	PIK3CA
101928739	PIK3CA	6232	RPS27
101928739	PIK3CA	23029	RBM34
101928739	PIK3CA	11224	RPL35
101928739	PIK3CA	9782	MATR3
101928739	PIK3CA	5704	PSMC4
101928739	PIK3CA	7417	VDAC2
101928739	PIK3CA	23468	CBX5
101928739	PIK3CA	4839	NOP2
101928739	PIK3CA	1399	CRKL
101928739	PIK3CA	6157	RPL27A
101928739	PIK3CA	6125	RPL5
101928739	PIK3CA	6158	RPL28
101928739	PIK3CA	6203	RPS9
101928739	PIK3CA	6193	RPS5
101928739	PIK3CA	6204	RPS10
101928739	PIK3CA	8826	IQGAP1
101928739	PIK3CA	3703	STT3A
101928739	PIK3CA	832	CAPZB
101928739	PIK3CA	1964	EIF1AX
101928739	PIK3CA	5859	QARS1
101928739	PIK3CA	6159	RPL29
101928739	PIK3CA	539	ATP5PO
101928739	PIK3CA	372	ARCN1
101928739	PIK3CA	5714	PSMD8
101928739	PIK3CA	7916	PRRC2A
101928739	PIK3CA	2937	GSS
101928739	PIK3CA	22948	CCT5
101928739	PIK3CA	1452	CSNK1A1
101928739	PIK3CA	6164	RPL34
101928739	PIK3CA	2194	FASN
101928739	PIK3CA	7203	CCT3
101928739	PIK3CA	7284	TUFM
101928739	PIK3CA	6726	SRP9
101928739	PIK3CA	58517	RBM25
101928739	PIK3CA	1195	CLK1
101928739	PIK3CA	1198	CLK3
101928739	PIK3CA	8833	GMPS
101928739	PIK3CA	2010	EMD
101928739	PIK3CA	9045	RPL14
101928739	PIK3CA	10694	CCT8
101928739	PIK3CA	10575	CCT4
101928739	PIK3CA	477	ATP1A2
101928739	PIK3CA	8087	FXR1
101928739	PIK3CA	858	CAV2
101928739	PIK3CA	5713	PSMD7
101928739	PIK3CA	220988	HNRNPA3
101928739	PIK3CA	4670	HNRNPM
101928739	PIK3CA	3838	KPNA2
101928739	PIK3CA	3836	KPNA1
101928739	PIK3CA	3185	HNRNPF
101928739	PIK3CA	3832	KIF11
101928739	PIK3CA	829	CAPZA1
101928739	PIK3CA	8091	HMGA2
101928739	PIK3CA	1315	COPB1
101928739	PIK3CA	1314	COPA
101928739	PIK3CA	6525	SMTN
101928739	PIK3CA	6566	SLC16A1
101928739	PIK3CA	10923	SUB1
101928739	PIK3CA	1207	CLNS1A
101928739	PIK3CA	5917	RARS1
101928739	PIK3CA	5710	PSMD4
101928739	PIK3CA	7415	VCP
101928739	PIK3CA	4236	MFAP1
101928739	PIK3CA	7873	MANF
101928739	PIK3CA	4673	NAP1L1
101928739	PIK3CA	3188	HNRNPH2
101928739	PIK3CA	8662	EIF3B
101928739	PIK3CA	55161	TMEM33
101928739	PIK3CA	10093	ARPC4
101928739	PIK3CA	84337	ELOF1
101928739	PIK3CA	7167	TPI1
101928739	PIK3CA	3646	EIF3E
101928739	PIK3CA	10952	SEC61B
101928739	PIK3CA	4637	MYL6
101928739	PIK3CA	60	ACTB
101928739	PIK3CA	6224	RPS20
101928739	PIK3CA	6281	S100A10
101928739	PIK3CA	11034	DSTN
101928739	PIK3CA	10096	ACTR3
101928739	PIK3CA	10097	ACTR2
101928739	PIK3CA	10121	ACTR1A
101928739	PIK3CA	6189	RPS3A
101928739	PIK3CA	6154	RPL26
101928739	PIK3CA	6138	RPL15
101928739	PIK3CA	6155	RPL27
101928739	PIK3CA	6168	RPL37A
101928739	PIK3CA	29927	SEC61A1
101928739	PIK3CA	3190	HNRNPK
101928739	PIK3CA	7532	YWHAG
101928739	PIK3CA	6201	RPS7
101928739	PIK3CA	5499	PPP1CA
101928739	PIK3CA	5700	PSMC1
101928739	PIK3CA	5705	PSMC5
101928739	PIK3CA	6202	RPS8
101928739	PIK3CA	6210	RPS15A
101928739	PIK3CA	6217	RPS16
101928739	PIK3CA	7531	YWHAE
101928739	PIK3CA	6208	RPS14
101928739	PIK3CA	6228	RPS23
101928739	PIK3CA	6222	RPS18
101928739	PIK3CA	6235	RPS29
101928739	PIK3CA	6207	RPS13
101928739	PIK3CA	6205	RPS11
101928739	PIK3CA	6636	SNRPF
101928739	PIK3CA	6632	SNRPD1
101928739	PIK3CA	6633	SNRPD2
101928739	PIK3CA	6634	SNRPD3
101928739	PIK3CA	5706	PSMC6
101928739	PIK3CA	6130	RPL7A
101928739	PIK3CA	7555	CNBP
101928739	PIK3CA	6191	RPS4X
101928739	PIK3CA	6147	RPL23A
101928739	PIK3CA	6194	RPS6
101928739	PIK3CA	8294	H4C9
101928739	PIK3CA	8359	H4C1
101928739	PIK3CA	8360	H4C4
101928739	PIK3CA	8361	H4C6
101928739	PIK3CA	8362	H4C12
101928739	PIK3CA	8366	H4C2
101928739	PIK3CA	8367	H4C5
101928739	PIK3CA	8368	H4C13
101928739	PIK3CA	8370	H4C14
101928739	PIK3CA	554313	H4C15
101928739	PIK3CA	5901	RAN
101928739	PIK3CA	9349	RPL23
101928739	PIK3CA	6209	RPS15
101928739	PIK3CA	6229	RPS24
101928739	PIK3CA	6230	RPS25
101928739	PIK3CA	6231	RPS26
101928739	PIK3CA	6234	RPS28
101928739	PIK3CA	2197	FAU
101928739	PIK3CA	2783	GNB2
101928739	PIK3CA	6156	RPL30
101928739	PIK3CA	6160	RPL31
101928739	PIK3CA	4736	RPL10A
101928739	PIK3CA	6161	RPL32
101928739	PIK3CA	6132	RPL8
101928739	PIK3CA	5478	PPIA
101928739	PIK3CA	6233	RPS27A
101928739	PIK3CA	7311	UBA52
101928739	PIK3CA	2885	GRB2
101928739	PIK3CA	6434	TRA2B
101928739	PIK3CA	7534	YWHAZ
101928739	PIK3CA	5520	PPP2R2A
101928739	PIK3CA	8655	DYNLL1
101928739	PIK3CA	6169	RPL38
101928739	PIK3CA	2787	GNG5
101928739	PIK3CA	71	ACTG1
101928739	PIK3CA	4904	YBX1
101928739	PIK3CA	1460	CSNK2B
101928739	PIK3CA	7171	TPM4
101928739	PIK3CA	7332	UBE2L3
101928739	PIK3CA	1915	EEF1A1
101928739	PIK3CA	7277	TUBA4A
101928739	PIK3CA	10383	TUBB4B
101928739	PIK3CA	8602	NOP14
101928739	PIK3CA	10180	RBM6
101928739	PIK3CA	10557	RPP38
101928739	PIK3CA	2969	GTF2I
101928739	PIK3CA	10576	CCT2
101928739	PIK3CA	5591	PRKDC
101928739	PIK3CA	10409	BASP1
101928739	PIK3CA	84324	SARNP
101928739	PIK3CA	6152	RPL24
101928739	PIK3CA	2079	ERH
101928739	PIK3CA	6143	RPL19
101928739	PIK3CA	10169	SERF2
101928739	PIK3CA	6428	SRSF3
101928739	PIK3CA	8241	RBM10
101928739	PIK3CA	5935	RBM3
101928739	PIK3CA	54205	CYCS
101928739	PIK3CA	7019	TFAM
101928739	PIK3CA	5250	SLC25A3
101928739	PIK3CA	3069	HDLBP
101928739	PIK3CA	1213	CLTC
101928739	PIK3CA	2287	FKBP3
101928739	PIK3CA	3192	HNRNPU
101928739	PIK3CA	7307	U2AF1
101928739	PIK3CA	102724594	LOC102724594
101928739	PIK3CA	6711	SPTBN1
101928739	PIK3CA	6427	SRSF2
101928739	PIK3CA	8140	SLC7A5
101928739	PIK3CA	54726	OTUD4
101928739	PIK3CA	2130	EWSR1
101928739	PIK3CA	8227	AKAP17A
101928739	PIK3CA	3084	NRG1
101928739	PIK3CA	6142	RPL18A
101928739	PIK3CA	6128	RPL6
101928739	PIK3CA	8402	SLC25A11
101928739	PIK3CA	857	CAV1
101928739	PIK3CA	5805	PTS
101928739	PIK3CA	1981	EIF4G1
101928739	PIK3CA	7533	YWHAH
101928739	PIK3CA	9295	SRSF11
101928739	PIK3CA	5781	PTPN11
101928739	PIK3CA	334	APLP2
101928739	PIK3CA	5052	PRDX1
101928739	PIK3CA	6141	RPL18
101928739	PIK3CA	10970	CKAP4
101928739	PIK3CA	10657	KHDRBS1
101928739	PIK3CA	6426	SRSF1
101928739	PIK3CA	6429	SRSF4
101928739	PIK3CA	1660	DHX9
101928739	PIK3CA	6749	SSRP1
101928739	PIK3CA	54888	NSUN2
101928739	PIK3CA	5928	RBBP4
101928739	PIK3CA	79026	AHNAK
101928739	PIK3CA	5756	TWF1
101928739	PIK3CA	6433	SFSWAP
101928739	PIK3CA	10946	SF3A3
101928739	PIK3CA	9255	AIMP1
101928739	PIK3CA	3608	ILF2
101928739	PIK3CA	3609	ILF3
101928739	PIK3CA	2314	FLII
101928739	PIK3CA	6694	SPP2
101928739	PIK3CA	3550	IK
101928739	PIK3CA	10241	CALCOCO2
101928739	PIK3CA	10949	HNRNPA0
101928739	PIK3CA	11335	CBX3
101928739	PIK3CA	5708	PSMD2
101928739	PIK3CA	8683	SRSF9
101928739	PIK3CA	6430	SRSF5
101928739	PIK3CA	6431	SRSF6
101928739	PIK3CA	10155	TRIM28
101928739	PIK3CA	10146	G3BP1
101928739	PIK3CA	8668	EIF3I
101928739	PIK3CA	1781	DYNC1I2
101928739	PIK3CA	9360	PPIG
101928739	PIK3CA	6949	TCOF1
101928739	PIK3CA	10992	SF3B2
101928739	PIK3CA	11333	PDAP1
101928739	PIK3CA	2549	GAB1
101928739	PIK3CA	8878	SQSTM1
101928739	PIK3CA	10381	TUBB3
101928739	PIK3CA	8899	PRPF4B
101928739	PIK3CA	3065	HDAC1
101928739	PIK3CA	10540	DCTN2
101928739	PIK3CA	22938	SNW1
101928739	PIK3CA	3914	LAMB3
101928739	PIK3CA	3918	LAMC2
101928739	PIK3CA	6709	SPTAN1
101928739	PIK3CA	1153	CIRBP
101928739	PIK3CA	10063	COX17
101928739	PIK3CA	3184	HNRNPD
101928739	PIK3CA	23650	TRIM29
101928739	PIK3CA	8661	EIF3A
101928739	PIK3CA	9898	UBAP2L
101928739	PIK3CA	1639	DCTN1
101928739	PIK3CA	1778	DYNC1H1
101928739	PIK3CA	6924	ELOA
101928739	PIK3CA	9053	MAP7
101928739	PIK3CA	2017	CTTN
101928739	PIK3CA	5955	RCN2
101928739	PIK3CA	2483	FRG1
101928739	PIK3CA	4076	CAPRIN1
101928739	PIK3CA	9584	RBM39
101928739	PIK3CA	9982	FGFBP1
101928739	PIK3CA	10954	PDIA5
101928739	PIK3CA	1659	DHX8
101928739	PIK3CA	3710	ITPR3
101928739	PIK3CA	3700	ITIH4
101928739	PIK3CA	9320	TRIP12
101928739	PIK3CA	23510	KCTD2
101928739	PIK3CA	9790	BMS1
101928739	PIK3CA	23184	MESD
101928739	PIK3CA	1108	CHD4
101928739	PIK3CA	27332	ZNF638
101928739	PIK3CA	3837	KPNB1
101928739	PIK3CA	9221	NOLC1
101928739	PIK3CA	9768	PCLAF
101928739	PIK3CA	9861	PSMD6
101928739	PIK3CA	9643	MORF4L2
101928739	PIK3CA	9343	EFTUD2
101928739	PIK3CA	7458	EIF4H
101928739	PIK3CA	10130	PDIA6
101928739	PIK3CA	5339	PLEC
101928739	PIK3CA	11329	STK38
101928739	PIK3CA	4841	NONO
101928739	PIK3CA	10921	RNPS1
101928739	PIK3CA	5093	PCBP1
101928739	PIK3CA	5094	PCBP2
101928739	PIK3CA	6923	ELOB
101928739	PIK3CA	9804	TOMM20
101928739	PIK3CA	23450	SF3B3
101928739	PIK3CA	6294	SAFB
101928739	PIK3CA	10262	SF3B4
101928739	PIK3CA	8175	SF3A2
101928739	PIK3CA	10291	SF3A1
101928739	PIK3CA	7045	TGFBI
101928739	PIK3CA	7536	SF1
101928739	PIK3CA	9324	HMGN3
101928739	PIK3CA	10454	TAB1
101928739	PIK3CA	1466	CSRP2
101928739	PIK3CA	1642	DDB1
101928739	PIK3CA	11140	CDC37
101928739	PIK3CA	6432	SRSF7
101928739	PIK3CA	11052	CPSF6
101928739	PIK3CA	1627	DBN1
101928739	PIK3CA	6624	FSCN1
101928739	PIK3CA	3428	IFI16
101928739	PIK3CA	25797	QPCT
101928739	PIK3CA	3909	LAMA3
101928739	PIK3CA	7378	UPP1
101928739	PIK3CA	5209	PFKFB3
101928739	PIK3CA	400506	KNOP1
101928739	PIK3CA	221092	HNRNPUL2
101928739	PIK3CA	55234	SMU1
101928739	PIK3CA	143884	CWF19L2
101928739	PIK3CA	221830	POLR1F
101928739	PIK3CA	55700	MAP7D1
101928739	PIK3CA	347688	TUBB8
101928739	PIK3CA	26000	TBC1D10B
101928739	PIK3CA	55421	NCBP3
101928739	PIK3CA	51144	HSD17B12
101928739	PIK3CA	10713	USP39
101928739	PIK3CA	345651	ACTBL2
101928739	PIK3CA	257415	FAM133B
101928739	PIK3CA	143684	FAM76B
101928739	PIK3CA	23223	RRP12
101928739	PIK3CA	118460	EXOSC6
101928739	PIK3CA	54953	ODR4
101928739	PIK3CA	23091	ZC3H13
101928739	PIK3CA	51490	SPOUT1
101928739	PIK3CA	55833	UBAP2
101928739	PIK3CA	64062	RBM26
101928739	PIK3CA	55119	PRPF38B
101928739	PIK3CA	51329	ARL6IP4
101928739	PIK3CA	144108	SPTY2D1
101928739	PIK3CA	23384	SPECC1L
101928739	PIK3CA	391107	OR10K2
101928739	PIK3CA	170954	PPP1R18
101928739	PIK3CA	284119	CAVIN1
101928739	PIK3CA	64928	MRPL14
101928739	PIK3CA	6873	TAF2
101928739	PIK3CA	10594	PRPF8
101928739	PIK3CA	55681	SCYL2
101928739	PIK3CA	54890	ALKBH5
101928739	PIK3CA	339230	CCDC137
101928739	PIK3CA	81608	FIP1L1
101928739	PIK3CA	80335	WDR82
101928739	PIK3CA	23164	MPRIP
101928739	PIK3CA	286077	FAM83H
101928739	PIK3CA	55216	NKAPD1
101928739	PIK3CA	81532	MOB2
101928739	PIK3CA	121457	IKBIP
101928739	PIK3CA	51065	RPS27L
101928739	PIK3CA	27044	SND1
101928739	PIK3CA	2011	MARK2
101928739	PIK3CA	9879	DDX46
101928739	PIK3CA	54931	TRMT10C
101928739	PIK3CA	65117	RSRC2
101928739	PIK3CA	84844	PHF5A
101928739	PIK3CA	79784	MYH14
101928739	PIK3CA	57532	NUFIP2
101928739	PIK3CA	84717	HDGFL2
101928739	PIK3CA	5930	RBBP6
101928739	PIK3CA	90102	PHLDB2
101928739	PIK3CA	92140	MTDH
101928739	PIK3CA	3895	KTN1
101928739	PIK3CA	7798	LUZP1
101928739	PIK3CA	10189	ALYREF
101928739	PIK3CA	124245	ZC3H18
101928739	PIK3CA	8887	TAX1BP1
101928739	PIK3CA	91582	RPS19BP1
101928739	PIK3CA	9541	CIR1
101928739	PIK3CA	11325	DDX42
101928739	PIK3CA	54815	GATAD2A
101928739	PIK3CA	64925	CCDC71
101928739	PIK3CA	113146	AHNAK2
101928739	PIK3CA	126353	MISP
101928739	PIK3CA	23269	MGA
101928739	PIK3CA	84295	PHF6
101928739	PIK3CA	10523	CHERP
101928739	PIK3CA	54431	DNAJC10
101928739	PIK3CA	10250	SRRM1
101928739	PIK3CA	401466	RBIS
101928739	PIK3CA	57470	LRRC47
101928739	PIK3CA	84619	ZGPAT
101928739	PIK3CA	257397	TAB3
101928739	PIK3CA	79576	NKAP
101928739	PIK3CA	79734	KCTD17
101928739	PIK3CA	79869	CPSF7
101928739	PIK3CA	126526	C19orf47
101928739	PIK3CA	285672	SREK1IP1
101928739	PIK3CA	84950	PRPF38A
101928739	PIK3CA	26135	SERBP1
101928739	PIK3CA	25940	FAM98A
101928739	PIK3CA	79659	DYNC2H1
101928739	PIK3CA	26065	LSM14A
101928739	PIK3CA	128061	C1orf131
101928739	PIK3CA	23	ABCF1
101928739	PIK3CA	51535	PPHLN1
101928739	PIK3CA	55907	CMAS
101928739	PIK3CA	57187	THOC2
101928739	PIK3CA	6100	RP9
101928739	PIK3CA	79753	SNIP1
101928739	PIK3CA	90480	GADD45GIP1
101928739	PIK3CA	55299	BRIX1
101928739	PIK3CA	9821	RB1CC1
101928739	PIK3CA	25957	PNISR
101928739	PIK3CA	55854	ZC3H15
101928739	PIK3CA	85313	PPIL4
101928739	PIK3CA	58509	CACTIN
101928739	PIK3CA	11017	SNRNP27
101928739	PIK3CA	4008	LMO7
101928739	PIK3CA	26586	CKAP2
101928739	PIK3CA	26121	PRPF31
101928739	PIK3CA	140890	SREK1
101928739	PIK3CA	25909	AHCTF1
101928739	PIK3CA	7273	TTN
101928739	PIK3CA	1653	DDX1
101928739	PIK3CA	7922	SLC39A7
101928739	PIK3CA	8971	H1-10
101928739	PIK3CA	8503	PIK3R3
101928739	PIK3CA	23469	PHF3
101928739	PIK3CA	10397	NDRG1
101928739	PIK3CA	10808	HSPH1
101928739	PIK3CA	399687	MYO18A
101928739	PIK3CA	9785	DHX38
101928739	PIK3CA	5546	PRCC
101928739	PIK3CA	8148	TAF15
101928739	PIK3CA	10521	DDX17
101928739	PIK3CA	112464	CAVIN3
101928739	PIK3CA	6166	RPL36AL
101928739	PIK3CA	57003	CCDC47
101928739	PIK3CA	8880	FUBP1
101928739	PIK3CA	55379	LRRC59
101928739	PIK3CA	144455	E2F7
101928739	PIK3CA	54984	PINX1
101928739	PIK3CA	23197	FAF2
101928739	PIK3CA	134147	CMBL
101928739	PIK3CA	9410	SNRNP40
101928739	PIK3CA	88745	RRP36
101928739	PIK3CA	55319	TMA16
101928739	PIK3CA	140576	S100A16
101928739	PIK3CA	92856	IMP4
101928739	PIK3CA	51101	ZC2HC1A
101928739	PIK3CA	192111	PGAM5
101928739	PIK3CA	84991	RBM17
101928739	PIK3CA	51319	RSRC1
101928739	PIK3CA	127428	TCEANC2
101928739	PIK3CA	153527	ZMAT2
101928739	PIK3CA	100526737	RBM14-RBM4
101928739	PIK3CA	10432	RBM14
101928739	PIK3CA	5814	PURB
101928739	PIK3CA	84687	PPP1R9B
101928739	PIK3CA	26292	MYCBP
101928739	PIK3CA	988	CDC5L
101928739	PIK3CA	5707	PSMD1
101928739	PIK3CA	9169	SCAF11
101928739	PIK3CA	7266	DNAJC7
101928739	PIK3CA	11331	PHB2
101928739	PIK3CA	3028	HSD17B10
101928739	PIK3CA	3182	HNRNPAB
101928739	PIK3CA	8394	PIP5K1A
101928739	PIK3CA	10574	CCT7
101928739	PIK3CA	3276	PRMT1
101928739	PIK3CA	5318	PKP2
101928739	PIK3CA	64981	MRPL34
101928739	PIK3CA	79002	TRIR
101928739	PIK3CA	84319	CMSS1
101928739	PIK3CA	79084	WDR77
101928739	PIK3CA	78988	MRPL57
101928739	PIK3CA	84790	TUBA1C
101928739	PIK3CA	10514	MYBBP1A
101928739	PIK3CA	84811	BUD13
101928739	PIK3CA	10929	SRSF8
101928739	PIK3CA	55094	GPATCH1
101928739	PIK3CA	83732	RIOK1
101928739	PIK3CA	84292	WDR83
101928739	PIK3CA	79169	C1orf35
101928739	PIK3CA	144097	SPINDOC
101928739	PIK3CA	84617	TUBB6
101928739	PIK3CA	9416	DDX23
101928739	PIK3CA	83443	SF3B5
101928739	PIK3CA	22950	SLC4A1AP
101928739	PIK3CA	149986	LSM14B
101928739	PIK3CA	51593	SRRT
101928739	PIK3CA	51203	NUSAP1
101928739	PIK3CA	51507	RTF2
101928739	PIK3CA	83939	EIF2A
101928739	PIK3CA	84271	POLDIP3
101928739	PIK3CA	64983	MRPL32
101928739	PIK3CA	84365	NIFK
101928739	PIK3CA	59286	UBL5
101928739	PIK3CA	85456	TNKS1BP1
101928739	PIK3CA	55339	WDR33
101928739	PIK3CA	64073	C19orf33
101928739	PIK3CA	81892	SLIRP
101928739	PIK3CA	81570	CLPB
101928739	PIK3CA	55341	LSG1
101928739	PIK3CA	55226	NAT10
101928739	PIK3CA	22803	XRN2
101928739	PIK3CA	84081	NSRP1
101928739	PIK3CA	51202	DDX47
101928739	PIK3CA	81876	RAB1B
101928739	PIK3CA	55823	VPS11
101928739	PIK3CA	170506	DHX36
101928739	PIK3CA	5411	PNN
101928739	PIK3CA	57127	RHBG
101928739	PIK3CA	8626	TP63
101928739	PIK3CA	91574	MTRFR
101928739	PIK3CA	654483	BOLA2B
101928739	PIK3CA	552900	BOLA2
101928739	PIK3CA	51575	ESF1
101928739	PIK3CA	63932	STEEP1
101928739	PIK3CA	60625	DHX35
101928739	PIK3CA	65980	BRD9
101928739	PIK3CA	63877	FAM204A
101928739	PIK3CA	81617	CAB39L
101928739	PIK3CA	27101	CACYBP
101928739	PIK3CA	57703	CWC22
101928739	PIK3CA	51538	ZCCHC17
101928739	PIK3CA	56943	ENY2
101928739	PIK3CA	29117	BRD7
101928739	PIK3CA	55692	LUC7L
101928739	PIK3CA	56342	PPAN
101928739	PIK3CA	692312	PPAN-P2RY11
101928739	PIK3CA	55352	COPRS
101928739	PIK3CA	57050	UTP3
101928739	PIK3CA	9188	DDX21
101928739	PIK3CA	55915	LANCL2
101928739	PIK3CA	85395	SLX9
101928739	PIK3CA	26010	SPATS2L
101928739	PIK3CA	25879	DCAF13
101928739	PIK3CA	55210	ATAD3A
101928739	PIK3CA	54552	GNL3L
101928739	PIK3CA	8886	DDX18
101928739	PIK3CA	55153	SDAD1
101928739	PIK3CA	55131	RBM28
101928739	PIK3CA	55082	ARGLU1
101928739	PIK3CA	79811	SLTM
101928739	PIK3CA	55003	PAK1IP1
101928739	PIK3CA	29093	MRPL22
101928739	PIK3CA	54951	COMMD8
101928739	PIK3CA	55651	NHP2
101928739	PIK3CA	54883	CWC25
101928739	PIK3CA	54814	QPCTL
101928739	PIK3CA	54442	KCTD5
101928739	PIK3CA	54433	GAR1
101928739	PIK3CA	54606	DDX56
101928739	PIK3CA	9774	BCLAF1
101928739	PIK3CA	23118	TAB2
101928739	PIK3CA	29766	TMOD3
101928739	PIK3CA	26499	PLEK2
101928739	PIK3CA	51755	CDK12
101928739	PIK3CA	9524	TECR
101928739	PIK3CA	23196	FAM120A
101928739	PIK3CA	29088	MRPL15
101928739	PIK3CA	29087	THYN1
101928739	PIK3CA	9419	CRIPT
101928739	PIK3CA	29080	CCDC59
101928739	PIK3CA	9218	VAPA
101928739	PIK3CA	55920	RCC2
101928739	PIK3CA	57606	SLAIN2
101928739	PIK3CA	6238	RRBP1
101928739	PIK3CA	54439	RBM27
101928739	PIK3CA	57519	STARD9
101928739	PIK3CA	55970	GNG12
101928739	PIK3CA	27335	EIF3K
101928739	PIK3CA	10933	MORF4L1
101928739	PIK3CA	10482	NXF1
101928739	PIK3CA	9414	TJP2
101928739	PIK3CA	79159	NOL12
101928739	PIK3CA	25777	SUN2
101928739	PIK3CA	51474	LIMA1
101928739	PIK3CA	10801	SEPTIN9
101928739	PIK3CA	9510	ADAMTS1
101928739	PIK3CA	29115	SAP30BP
101928739	PIK3CA	22827	PUF60
101928739	PIK3CA	51504	TRMT112
101928739	PIK3CA	51428	DDX41
101928739	PIK3CA	57018	CCNL1
101928739	PIK3CA	22913	RALY
101928739	PIK3CA	22985	ACIN1
101928739	PIK3CA	23603	CORO1C
101928739	PIK3CA	4646	MYO6
101928739	PIK3CA	1308	COL17A1
101928739	PIK3CA	27339	PRPF19
101928739	PIK3CA	51406	NOL7
101928739	PIK3CA	9908	G3BP2
101928739	PIK3CA	5719	PSMD13
101928739	PIK3CA	27292	DIMT1
101928739	PIK3CA	28974	C19orf53
101928739	PIK3CA	23211	ZC3H4
101928739	PIK3CA	23524	SRRM2
101928739	PIK3CA	51637	RTRAF
101928739	PIK3CA	10856	RUVBL2
101928739	PIK3CA	5303	PIN4
101928739	PIK3CA	51386	EIF3L
101928739	PIK3CA	8607	RUVBL1
101928739	PIK3CA	10726	NUDC
101928739	PIK3CA	51650	MRPS33
101928739	PIK3CA	4733	DRG1
101928739	PIK3CA	23012	STK38L
101928739	PIK3CA	22890	ZBTB1
101928739	PIK3CA	10171	RCL1
101928739	PIK3CA	51372	TMA7
101928739	PIK3CA	9967	THRAP3
101928739	PIK3CA	51729	WBP11
101928739	PIK3CA	51602	NOP58
101928739	PIK3CA	51070	NOSIP
101928739	PIK3CA	51077	FCF1
101928739	PIK3CA	51631	LUC7L2
101928739	PIK3CA	51634	RBMX2
101928739	PIK3CA	27341	RRP7A
101928739	PIK3CA	51639	SF3B6
101928739	PIK3CA	51645	PPIL1
101928739	PIK3CA	50810	HDGFL3
101928739	PIK3CA	11171	STRAP
101928739	PIK3CA	51493	RTCB
101928739	PIK3CA	25873	RPL36
101928739	PIK3CA	26097	CHTOP
101928739	PIK3CA	26017	FAM32A
101928739	PIK3CA	11187	PKP3
101928739	PIK3CA	7094	TLN1
101928739	PIK3CA	9958	USP15
101928739	PIK3CA	4644	MYO5A
101928739	PIK3CA	202	CRYBG1
101928739	PIK3CA	25804	LSM4
101928739	PIK3CA	23215	PRRC2C
101928739	PIK3CA	23612	PHLDA3
101928739	PIK3CA	58477	SRPRB
101928739	PIK3CA	51123	ZNF706
101928739	PIK3CA	9209	LRRFIP2
101928739	PIK3CA	10927	SPIN1
101928739	PIK3CA	22820	COPG1
101928739	PIK3CA	29105	CFAP20
101928739	PIK3CA	51142	CHCHD2
101928739	PIK3CA	10625	IVNS1ABP
101928739	PIK3CA	219541	MED19
101928739	PIK3CA	129446	XIRP2
101928739	PIK3CA	644815	FAM83G
101928739	PIK3CA	23347	SMCHD1
101928739	PIK3CA	9124	PDLIM1
101928739	PIK3CA	4641	MYO1C
101928739	PIK3CA	5717	PSMD11
101928739	PIK3CA	5718	PSMD12
101928739	PIK3CA	8535	CBX4
101928739	PIK3CA	6874	TAF4
101928739	PIK3CA	1192	CLIC1
101928739	PIK3CA	8665	EIF3F
101928739	PIK3CA	3843	IPO5
101928739	PIK3CA	10284	SAP18
101928739	PIK3CA	5296	PIK3R2
101928739	PIK3CA	10473	HMGN4
101928739	PIK3CA	51042	ZNF593
101928739	PIK3CA	3839	KPNA3
101928739	PIK3CA	3898	LAD1
101928739	PIK3CA	23481	PES1
101928739	PIK3CA	10199	MPHOSPH10
101928739	PIK3CA	10528	NOP56
101928739	PIK3CA	1654	DDX3X
101928739	PIK3CA	3491	CCN1
101928739	PIK3CA	6319	SCD
101928739	PIK3CA	11316	COPE
101928739	PIK3CA	8943	AP3D1
101928739	PIK3CA	10419	PRMT5
101928739	PIK3CA	4659	PPP1R12A
101928739	PIK3CA	23350	U2SURP
101928739	PIK3CA	10095	ARPC1B
101928739	PIK3CA	10109	ARPC2
101928739	PIK3CA	10094	ARPC3
101928739	PIK3CA	6183	MRPS12
101928739	PIK3CA	3149	HMGB3
101928739	PIK3CA	8664	EIF3D
101928739	PIK3CA	8667	EIF3H
101928739	PIK3CA	1665	DHX15
101928739	PIK3CA	26037	SIPA1L1
101928739	PIK3CA	5709	PSMD3
101928739	PIK3CA	9092	SART1
101928739	PIK3CA	6885	MAP3K7
101928739	PIK3CA	9521	EEF1E1
101928739	PIK3CA	10236	HNRNPR
101928739	PIK3CA	9129	PRPF3
101928739	PIK3CA	8562	DENR
101928739	PIK3CA	7756	ZNF207
101928739	PIK3CA	81	ACTN4
101928739	PIK3CA	27336	HTATSF1
101928739	PIK3CA	4430	MYO1B
101928739	PIK3CA	11051	NUDT21
101928739	PIK3CA	7541	ZBTB14
101928739	PIK3CA	4725	NDUFS5
101928739	PIK3CA	10492	SYNCRIP
101928739	PIK3CA	5208	PFKFB2
101928739	PIK3CA	1736	DKC1
101928739	PIK3CA	9669	EIF5B
101928739	PIK3CA	8721	EDF1
101928739	PIK3CA	10294	DNAJA2
101928739	PIK3CA	8446	DUSP11
101928739	PIK3CA	9555	MACROH2A1
101928739	PIK3CA	2317	FLNB
101928739	PIK3CA	9553	MRPL33
101928739	PIK3CA	55660	PRPF40A
101928739	PIK3CA	11168	PSIP1
101928739	PIK3CA	10772	SRSF10
101928739	PIK3CA	23451	SF3B1
101928739	PIK3CA	23020	SNRNP200
101928739	PIK3CA	5495	PPM1B
101928739	PIK3CA	8666	EIF3G
101928739	PIK3CA	5716	PSMD10
101928739	PIK3CA	8293	SERF1A
101928739	PIK3CA	728492	SERF1B
101928739	PIK3CA	22826	DNAJC8
101928739	PIK3CA	10285	SMNDC1
101928739	PIK3CA	26156	RSL1D1
101928739	PIK3CA	9219	MTA2
101928739	PIK3CA	4642	MYO1D
101928739	PIK3CA	24148	PRPF6
101928739	PIK3CA	285527	FRYL
101928739	PIK3CA	11098	PRSS23
101928739	PIK3CA	9406	ZRANB2
101928739	PIK3CA	51747	LUC7L3
101928739	PIK3CA	10527	IPO7
101928739	PIK3CA	2709	GJB5
101928739	PIK3CA	10569	SLU7
101928739	PIK3CA	6840	SVIL
101928739	PIK3CA	10898	CPSF4
101928739	PIK3CA	9532	BAG2
101928739	PIK3CA	51060	TXNDC12
101928739	PIK3CA	3939	LDHA
101928739	PIK3CA	1356	CP
101928739	PIK3CA	1956	EGFR
101928739	PIK3CA	3240	HP
101928739	PIK3CA	718	C3
101928739	PIK3CA	3845	KRAS
101928739	PIK3CA	4000	LMNA
101928739	PIK3CA	2266	FGG
101928739	PIK3CA	226	ALDOA
101928739	PIK3CA	1476	CSTB
101928739	PIK3CA	301	ANXA1
101928739	PIK3CA	338	APOB
101928739	PIK3CA	5621	PRNP
101928739	PIK3CA	3848	KRT1
101928739	PIK3CA	2597	GAPDH
101928739	PIK3CA	3315	HSPB1
101928739	PIK3CA	6184	RPN1
101928739	PIK3CA	2771	GNAI2
101928739	PIK3CA	3150	HMGN1
101928739	PIK3CA	5055	SERPINB2
101928739	PIK3CA	292	SLC25A5
101928739	PIK3CA	1965	EIF2S1
101928739	PIK3CA	3151	HMGN2
101928739	PIK3CA	6181	RPLP2
101928739	PIK3CA	6175	RPLP0
101928739	PIK3CA	3875	KRT18
101928739	PIK3CA	2934	GSN
101928739	PIK3CA	6277	S100A6
101928739	PIK3CA	2023	ENO1
101928739	PIK3CA	4869	NPM1
101928739	PIK3CA	7170	TPM3
101928739	PIK3CA	5034	P4HB
101928739	PIK3CA	3005	H1-0
101928739	PIK3CA	302	ANXA2
101928739	PIK3CA	203068	TUBB
101928739	PIK3CA	5216	PFN1
101928739	PIK3CA	2058	EPRS1
101928739	PIK3CA	3320	HSP90AA1
101928739	PIK3CA	3183	HNRNPC
101928739	PIK3CA	7057	THBS1
101928739	PIK3CA	6520	SLC3A2
101928739	PIK3CA	3326	HSP90AB1
101928739	PIK3CA	6734	SRPRA
101928739	PIK3CA	6629	SNRPB2
101928739	PIK3CA	6625	SNRNP70
101928739	PIK3CA	6218	RPS17
101928739	PIK3CA	2773	GNAI3
101928739	PIK3CA	6626	SNRPA
101928739	PIK3CA	2247	FGF2
101928739	PIK3CA	6631	SNRPC
101928739	PIK3CA	3956	LGALS1
101928739	PIK3CA	3146	HMGB1
101928739	PIK3CA	7168	TPM1
101928739	PIK3CA	1211	CLTA
101928739	PIK3CA	1267	CNP
101928739	PIK3CA	83871	RAB34
101928739	PIK3CA	51082	POLR1D
101928739	PIK3CA	3008	H1-4
101928739	PIK3CA	7295	TXN
101928739	PIK3CA	3329	HSPD1
101928739	PIK3CA	3309	HSPA5
101928739	PIK3CA	3312	HSPA8
101928739	PIK3CA	7150	TOP1
101928739	PIK3CA	26986	PABPC1
101928739	PIK3CA	5111	PCNA
101928739	PIK3CA	3615	IMPDH2
101928739	PIK3CA	5744	PTHLH
101928739	PIK3CA	87	ACTN1
101928739	PIK3CA	2547	XRCC6
101928739	PIK3CA	7520	XRCC5
101928739	PIK3CA	6050	RNH1
101928739	PIK3CA	1938	EEF2
101928739	PIK3CA	9601	PDIA4
101928739	PIK3CA	7178	TPT1
101928739	PIK3CA	3936	LCP1
101928739	PIK3CA	5358	PLS3
101928739	PIK3CA	2963	GTF2F2
101928739	PIK3CA	5315	PKM
101928739	PIK3CA	7184	HSP90B1
101928739	PIK3CA	3191	HNRNPL
101928739	PIK3CA	1615	DARS1
101928739	PIK3CA	3728	JUP
101928739	PIK3CA	5880	RAC2
101928739	PIK3CA	4830	NME1
101928739	PIK3CA	6187	RPS2
101928739	PIK3CA	1832	DSP
101928739	PIK3CA	6118	RPA2
101928739	PIK3CA	960	CD44
101928739	PIK3CA	3691	ITGB4
101928739	PIK3CA	3009	H1-5
101928739	PIK3CA	3006	H1-2
101928739	PIK3CA	488	ATP2A2
101928739	PIK3CA	8531	YBX3
101928739	PIK3CA	3159	HMGA1
101928739	PIK3CA	824	CAPN2
101928739	PIK3CA	1655	DDX5
101928739	PIK3CA	5702	PSMC3
101928739	PIK3CA	6950	TCP1
101928739	PIK3CA	6165	RPL35A
101928739	PIK3CA	378	ARF4
101928739	PIK3CA	6129	RPL7
101928739	PIK3CA	7936	NELFE
101928739	PIK3CA	6139	RPL17
101928739	PIK3CA	4691	NCL
101928739	PIK3CA	6737	TRIM21
101928739	PIK3CA	8894	EIF2S2
101928739	PIK3CA	689	BTF3
101928739	PIK3CA	4001	LMNB1
101928739	PIK3CA	984	CDK11B
101928739	PIK3CA	1465	CSRP1
101928739	PIK3CA	2316	FLNA
101928739	PIK3CA	4192	MDK
101928739	PIK3CA	5110	PCMT1
101928739	PIK3CA	2091	FBL
101928739	PIK3CA	3181	HNRNPA2B1
101928739	PIK3CA	867	CBL
101928739	PIK3CA	6917	TCEA1
101928739	PIK3CA	3655	ITGA6
101928739	PIK3CA	6421	SFPQ
101928739	PIK3CA	5479	PPIB
101928739	PIK3CA	6188	RPS3
101928739	PIK3CA	3716	JAK1
101928739	PIK3CA	191	AHCY
101928739	PIK3CA	1072	CFL1
101928739	PIK3CA	1975	EIF4B
101928739	PIK3CA	1933	EEF1B2
101928739	PIK3CA	4172	MCM3
101928739	PIK3CA	6206	RPS12
101928739	PIK3CA	6046	BRD2
101928739	PIK3CA	5682	PSMA1
101928739	PIK3CA	5684	PSMA3
101928739	PIK3CA	5685	PSMA4
101928739	PIK3CA	3675	ITGA3
101928739	PIK3CA	4478	MSN
101928739	PIK3CA	1656	DDX6
101928739	PIK3CA	11338	U2AF2
101928739	PIK3CA	6137	RPL13
101928739	PIK3CA	3148	HMGB2
101928739	PIK3CA	5725	PTBP1
101928739	PIK3CA	1937	EEF1G
101928739	PIK3CA	10971	YWHAQ
101928739	PIK3CA	6134	RPL10
101928739	PIK3CA	6117	RPA1
101928739	PIK3CA	328	APEX1
101928739	PIK3CA	790	CAD
101928739	PIK3CA	811	CALR
101928739	PIK3CA	4134	MAP4
101928739	PIK3CA	821	CANX
101928739	PIK3CA	5295	PIK3R1
101928739	PIK3CA	6744	ITPRID2
101928739	PIK3CA	6273	S100A2
101928739	PIK3CA	2961	GTF2E2
101928739	PIK3CA	1936	EEF1D
101928739	PIK3CA	4082	MARCKS
101928739	PIK3CA	9588	PRDX6
101928739	PIK3CA	6136	RPL12
101928739	PIK3CA	2923	PDIA3
101928739	PIK3CA	5518	PPP2R1A
101928739	PIK3CA	6249	CLIP1
101928739	PIK3CA	4144	MAT2A
101928739	PIK3CA	3301	DNAJA1
101928739	PIK3CA	3187	HNRNPH1
101928739	PIK3CA	7529	YWHAB
101928739	PIK3CA	2810	SFN
101928739	PIK3CA	10963	STIP1
101928739	PIK3CA	6282	S100A11
101928739	PIK3CA	7001	PRDX2
101928739	PIK3CA	6133	RPL9
101928739	PIK3CA	3799	KIF5B
101928739	PIK3CA	4174	MCM5
101928739	PIK3CA	5217	PFN2
101928739	PIK3CA	1499	CTNNB1
101928739	PIK3CA	5245	PHB1
101928739	PIK3CA	4771	NF2
101928739	PIK3CA	6119	RPA3
101928739	PIK3CA	6146	RPL22
101928739	PIK3CA	2962	GTF2F1
101928739	PIK3CA	3857	KRT9
101928739	PIK3CA	3667	IRS1
101928739	PIK3CA	4627	MYH9
101928739	PIK3CA	4628	MYH10
101928739	PIK3CA	9276	COPB2
101928739	PIK3CA	7078	TIMP3
101928739	PIK3CA	2521	FUS
101928739	PIK3CA	7913	DEK
101928739	PIK3CA	5701	PSMC2
101928739	PIK3CA	509	ATP5F1C
101928739	PIK3CA	6124	RPL4
101928739	PIK3CA	6727	SRP14
101928739	PIK3CA	8407	TAGLN2
101928739	PIK3CA	27316	RBMX
101928739	PIK3CA	3313	HSPA9
101928739	PIK3CA	9775	EIF4A3
101928739	PIK3CA	6223	RPS19
101928739	PIK3CA	6122	RPL3
101928739	PIK3CA	2237	FEN1
101928739	PIK3CA	908	CCT6A
101928739	PIK3CA	1968	EIF2S3
101928739	PIK3CA	8896	BUD31
101928739	PIK3CA	3376	IARS1
101928739	PIK3CA	10209	EIF1
101928739	PIK3CA	7112	TMPO
101928739	PIK3CA	5290	PIK3CA
101928739	PIK3CA	6232	RPS27
101928739	PIK3CA	23029	RBM34
101928739	PIK3CA	11224	RPL35
101928739	PIK3CA	9782	MATR3
101928739	PIK3CA	5704	PSMC4
101928739	PIK3CA	7417	VDAC2
101928739	PIK3CA	23468	CBX5
101928739	PIK3CA	4839	NOP2
101928739	PIK3CA	1399	CRKL
101928739	PIK3CA	6157	RPL27A
101928739	PIK3CA	6125	RPL5
101928739	PIK3CA	6158	RPL28
101928739	PIK3CA	6203	RPS9
101928739	PIK3CA	6193	RPS5
101928739	PIK3CA	6204	RPS10
101928739	PIK3CA	8826	IQGAP1
101928739	PIK3CA	3703	STT3A
101928739	PIK3CA	832	CAPZB
101928739	PIK3CA	1964	EIF1AX
101928739	PIK3CA	220	ALDH1A3
101928739	PIK3CA	5859	QARS1
101928739	PIK3CA	6159	RPL29
101928739	PIK3CA	539	ATP5PO
101928739	PIK3CA	5714	PSMD8
101928739	PIK3CA	7916	PRRC2A
101928739	PIK3CA	22948	CCT5
101928739	PIK3CA	1452	CSNK1A1
101928739	PIK3CA	6164	RPL34
101928739	PIK3CA	2194	FASN
101928739	PIK3CA	7203	CCT3
101928739	PIK3CA	7284	TUFM
101928739	PIK3CA	6726	SRP9
101928739	PIK3CA	58517	RBM25
101928739	PIK3CA	8650	NUMB
101928739	PIK3CA	1195	CLK1
101928739	PIK3CA	1198	CLK3
101928739	PIK3CA	5903	RANBP2
101928739	PIK3CA	22978	NT5C2
101928739	PIK3CA	8833	GMPS
101928739	PIK3CA	2010	EMD
101928739	PIK3CA	871	SERPINH1
101928739	PIK3CA	9045	RPL14
101928739	PIK3CA	10694	CCT8
101928739	PIK3CA	10575	CCT4
101928739	PIK3CA	311	ANXA11
101928739	PIK3CA	8087	FXR1
101928739	PIK3CA	5713	PSMD7
101928739	PIK3CA	220988	HNRNPA3
101928739	PIK3CA	4670	HNRNPM
101928739	PIK3CA	3838	KPNA2
101928739	PIK3CA	3836	KPNA1
101928739	PIK3CA	3185	HNRNPF
101928739	PIK3CA	3832	KIF11
101928739	PIK3CA	829	CAPZA1
101928739	PIK3CA	8091	HMGA2
101928739	PIK3CA	1315	COPB1
101928739	PIK3CA	1314	COPA
101928739	PIK3CA	6525	SMTN
101928739	PIK3CA	6566	SLC16A1
101928739	PIK3CA	10923	SUB1
101928739	PIK3CA	1207	CLNS1A
101928739	PIK3CA	5917	RARS1
101928739	PIK3CA	5710	PSMD4
101928739	PIK3CA	7415	VCP
101928739	PIK3CA	4236	MFAP1
101928739	PIK3CA	7873	MANF
101928739	PIK3CA	4673	NAP1L1
101928739	PIK3CA	103	ADAR
101928739	PIK3CA	3188	HNRNPH2
101928739	PIK3CA	8662	EIF3B
101928739	PIK3CA	4150	MAZ
101928739	PIK3CA	55161	TMEM33
101928739	PIK3CA	10093	ARPC4
101928739	PIK3CA	84337	ELOF1
101928739	PIK3CA	7167	TPI1
101928739	PIK3CA	3646	EIF3E
101928739	PIK3CA	10952	SEC61B
101928739	PIK3CA	4637	MYL6
101928739	PIK3CA	60	ACTB
101928739	PIK3CA	1973	EIF4A1
101928739	PIK3CA	6224	RPS20
101928739	PIK3CA	6281	S100A10
101928739	PIK3CA	11034	DSTN
101928739	PIK3CA	10097	ACTR2
101928739	PIK3CA	10121	ACTR1A
101928739	PIK3CA	6189	RPS3A
101928739	PIK3CA	6154	RPL26
101928739	PIK3CA	6138	RPL15
101928739	PIK3CA	6155	RPL27
101928739	PIK3CA	6168	RPL37A
101928739	PIK3CA	29927	SEC61A1
101928739	PIK3CA	3190	HNRNPK
101928739	PIK3CA	7532	YWHAG
101928739	PIK3CA	22800	RRAS2
101928739	PIK3CA	6201	RPS7
101928739	PIK3CA	5499	PPP1CA
101928739	PIK3CA	5700	PSMC1
101928739	PIK3CA	5705	PSMC5
101928739	PIK3CA	6202	RPS8
101928739	PIK3CA	6210	RPS15A
101928739	PIK3CA	6217	RPS16
101928739	PIK3CA	7531	YWHAE
101928739	PIK3CA	6208	RPS14
101928739	PIK3CA	6228	RPS23
101928739	PIK3CA	6222	RPS18
101928739	PIK3CA	6235	RPS29
101928739	PIK3CA	6207	RPS13
101928739	PIK3CA	6205	RPS11
101928739	PIK3CA	6636	SNRPF
101928739	PIK3CA	6632	SNRPD1
101928739	PIK3CA	6633	SNRPD2
101928739	PIK3CA	6634	SNRPD3
101928739	PIK3CA	7114	TMSB4X
101928739	PIK3CA	5706	PSMC6
101928739	PIK3CA	6130	RPL7A
101928739	PIK3CA	7555	CNBP
101928739	PIK3CA	6191	RPS4X
101928739	PIK3CA	6147	RPL23A
101928739	PIK3CA	6194	RPS6
101928739	PIK3CA	8294	H4C9
101928739	PIK3CA	8359	H4C1
101928739	PIK3CA	8360	H4C4
101928739	PIK3CA	8361	H4C6
101928739	PIK3CA	8362	H4C12
101928739	PIK3CA	8366	H4C2
101928739	PIK3CA	8367	H4C5
101928739	PIK3CA	8368	H4C13
101928739	PIK3CA	8370	H4C14
101928739	PIK3CA	554313	H4C15
101928739	PIK3CA	5901	RAN
101928739	PIK3CA	9349	RPL23
101928739	PIK3CA	6209	RPS15
101928739	PIK3CA	6229	RPS24
101928739	PIK3CA	6230	RPS25
101928739	PIK3CA	6231	RPS26
101928739	PIK3CA	6234	RPS28
101928739	PIK3CA	2197	FAU
101928739	PIK3CA	2783	GNB2
101928739	PIK3CA	6156	RPL30
101928739	PIK3CA	6160	RPL31
101928739	PIK3CA	4736	RPL10A
101928739	PIK3CA	6161	RPL32
101928739	PIK3CA	6135	RPL11
101928739	PIK3CA	6132	RPL8
101928739	PIK3CA	5478	PPIA
101928739	PIK3CA	6233	RPS27A
101928739	PIK3CA	7311	UBA52
101928739	PIK3CA	2885	GRB2
101928739	PIK3CA	6434	TRA2B
101928739	PIK3CA	7534	YWHAZ
101928739	PIK3CA	5520	PPP2R2A
101928739	PIK3CA	8655	DYNLL1
101928739	PIK3CA	6169	RPL38
101928739	PIK3CA	6500	SKP1
101928739	PIK3CA	2787	GNG5
101928739	PIK3CA	71	ACTG1
101928739	PIK3CA	9168	TMSB10
101928739	PIK3CA	4904	YBX1
101928739	PIK3CA	7171	TPM4
101928739	PIK3CA	7332	UBE2L3
101928739	PIK3CA	1915	EEF1A1
101928739	PIK3CA	7277	TUBA4A
101928739	PIK3CA	10383	TUBB4B
101928739	PIK3CA	3039	HBA1
101928739	PIK3CA	3040	HBA2
101928739	PIK3CA	8602	NOP14
101928739	PIK3CA	10180	RBM6
101928739	PIK3CA	10557	RPP38
101928739	PIK3CA	2969	GTF2I
101928739	PIK3CA	10576	CCT2
101928739	PIK3CA	5591	PRKDC
101928739	PIK3CA	84324	SARNP
101928739	PIK3CA	6152	RPL24
101928739	PIK3CA	2079	ERH
101928739	PIK3CA	6143	RPL19
101928739	PIK3CA	10169	SERF2
101928739	PIK3CA	6428	SRSF3
101928739	PIK3CA	8241	RBM10
101928739	PIK3CA	5935	RBM3
101928739	PIK3CA	54205	CYCS
101928739	PIK3CA	7019	TFAM
101928739	PIK3CA	5250	SLC25A3
101928739	PIK3CA	3069	HDLBP
101928739	PIK3CA	1213	CLTC
101928739	PIK3CA	2287	FKBP3
101928739	PIK3CA	3192	HNRNPU
101928739	PIK3CA	7307	U2AF1
101928739	PIK3CA	102724594	LOC102724594
101928739	PIK3CA	6711	SPTBN1
101928739	PIK3CA	6427	SRSF2
101928739	PIK3CA	8140	SLC7A5
101928739	PIK3CA	54726	OTUD4
101928739	PIK3CA	2130	EWSR1
101928739	PIK3CA	8227	AKAP17A
101928739	PIK3CA	3084	NRG1
101928739	PIK3CA	1828	DSG1
101928739	PIK3CA	6142	RPL18A
101928739	PIK3CA	6128	RPL6
101928739	PIK3CA	8402	SLC25A11
101928739	PIK3CA	857	CAV1
101928739	PIK3CA	5805	PTS
101928739	PIK3CA	1981	EIF4G1
101928739	PIK3CA	6742	SSBP1
101928739	PIK3CA	7533	YWHAH
101928739	PIK3CA	9295	SRSF11
101928739	PIK3CA	5781	PTPN11
101928739	PIK3CA	5052	PRDX1
101928739	PIK3CA	6141	RPL18
101928739	PIK3CA	10970	CKAP4
101928739	PIK3CA	10657	KHDRBS1
101928739	PIK3CA	6426	SRSF1
101928739	PIK3CA	6429	SRSF4
101928739	PIK3CA	1660	DHX9
101928739	PIK3CA	6749	SSRP1
101928739	PIK3CA	54888	NSUN2
101928739	PIK3CA	5928	RBBP4
101928739	PIK3CA	79026	AHNAK
101928739	PIK3CA	5756	TWF1
101928739	PIK3CA	6433	SFSWAP
101928739	PIK3CA	10946	SF3A3
101928739	PIK3CA	9255	AIMP1
101928739	PIK3CA	3608	ILF2
101928739	PIK3CA	3609	ILF3
101928739	PIK3CA	2314	FLII
101928739	PIK3CA	6694	SPP2
101928739	PIK3CA	3550	IK
101928739	PIK3CA	10949	HNRNPA0
101928739	PIK3CA	11335	CBX3
101928739	PIK3CA	5708	PSMD2
101928739	PIK3CA	8683	SRSF9
101928739	PIK3CA	6430	SRSF5
101928739	PIK3CA	6431	SRSF6
101928739	PIK3CA	10155	TRIM28
101928739	PIK3CA	10146	G3BP1
101928739	PIK3CA	8668	EIF3I
101928739	PIK3CA	1781	DYNC1I2
101928739	PIK3CA	9360	PPIG
101928739	PIK3CA	6949	TCOF1
101928739	PIK3CA	10992	SF3B2
101928739	PIK3CA	11333	PDAP1
101928739	PIK3CA	2549	GAB1
101928739	PIK3CA	8878	SQSTM1
101928739	PIK3CA	10381	TUBB3
101928739	PIK3CA	8899	PRPF4B
101928739	PIK3CA	3065	HDAC1
101928739	PIK3CA	10540	DCTN2
101928739	PIK3CA	22938	SNW1
101928739	PIK3CA	3914	LAMB3
101928739	PIK3CA	3918	LAMC2
101928739	PIK3CA	6709	SPTAN1
101928739	PIK3CA	29889	GNL2
101928739	PIK3CA	5317	PKP1
101928739	PIK3CA	1153	CIRBP
101928739	PIK3CA	10063	COX17
101928739	PIK3CA	3184	HNRNPD
101928739	PIK3CA	23650	TRIM29
101928739	PIK3CA	8661	EIF3A
101928739	PIK3CA	9898	UBAP2L
101928739	PIK3CA	1639	DCTN1
101928739	PIK3CA	1778	DYNC1H1
101928739	PIK3CA	6924	ELOA
101928739	PIK3CA	9053	MAP7
101928739	PIK3CA	2017	CTTN
101928739	PIK3CA	5955	RCN2
101928739	PIK3CA	2483	FRG1
101928739	PIK3CA	4076	CAPRIN1
101928739	PIK3CA	9584	RBM39
101928739	PIK3CA	9982	FGFBP1
101928739	PIK3CA	10954	PDIA5
101928739	PIK3CA	1659	DHX8
101928739	PIK3CA	3710	ITPR3
101928739	PIK3CA	23510	KCTD2
101928739	PIK3CA	9790	BMS1
101928739	PIK3CA	23184	MESD
101928739	PIK3CA	1108	CHD4
101928739	PIK3CA	27332	ZNF638
101928739	PIK3CA	3837	KPNB1
101928739	PIK3CA	9221	NOLC1
101928739	PIK3CA	4926	NUMA1
101928739	PIK3CA	9768	PCLAF
101928739	PIK3CA	9861	PSMD6
101928739	PIK3CA	9643	MORF4L2
101928739	PIK3CA	9343	EFTUD2
101928739	PIK3CA	7458	EIF4H
101928739	PIK3CA	23527	ACAP2
101928739	PIK3CA	10130	PDIA6
101928739	PIK3CA	5339	PLEC
101928739	PIK3CA	11329	STK38
101928739	PIK3CA	4841	NONO
101928739	PIK3CA	10921	RNPS1
101928739	PIK3CA	5093	PCBP1
101928739	PIK3CA	5094	PCBP2
101928739	PIK3CA	6923	ELOB
101928739	PIK3CA	9804	TOMM20
101928739	PIK3CA	23450	SF3B3
101928739	PIK3CA	6294	SAFB
101928739	PIK3CA	10262	SF3B4
101928739	PIK3CA	8175	SF3A2
101928739	PIK3CA	10291	SF3A1
101928739	PIK3CA	7045	TGFBI
101928739	PIK3CA	7536	SF1
101928739	PIK3CA	9324	HMGN3
101928739	PIK3CA	10454	TAB1
101928739	PIK3CA	10953	TOMM34
101928739	PIK3CA	1466	CSRP2
101928739	PIK3CA	1642	DDB1
101928739	PIK3CA	11140	CDC37
101928739	PIK3CA	6432	SRSF7
101928739	PIK3CA	11052	CPSF6
101928739	PIK3CA	1627	DBN1
101928739	PIK3CA	6624	FSCN1
101928739	PIK3CA	3428	IFI16
101928739	PIK3CA	25797	QPCT
101928739	PIK3CA	3909	LAMA3
101928739	PIK3CA	7378	UPP1
101928739	PIK3CA	5209	PFKFB3
101928739	PIK3CA	400506	KNOP1
101928739	PIK3CA	221092	HNRNPUL2
101928739	PIK3CA	55234	SMU1
101928739	PIK3CA	143884	CWF19L2
101928739	PIK3CA	221830	POLR1F
101928739	PIK3CA	55700	MAP7D1
101928739	PIK3CA	347688	TUBB8
101928739	PIK3CA	26000	TBC1D10B
101928739	PIK3CA	55421	NCBP3
101928739	PIK3CA	51144	HSD17B12
101928739	PIK3CA	345651	ACTBL2
101928739	PIK3CA	257415	FAM133B
101928739	PIK3CA	143684	FAM76B
101928739	PIK3CA	23223	RRP12
101928739	PIK3CA	92521	SPECC1
101928739	PIK3CA	118460	EXOSC6
101928739	PIK3CA	54953	ODR4
101928739	PIK3CA	23091	ZC3H13
101928739	PIK3CA	51490	SPOUT1
101928739	PIK3CA	55833	UBAP2
101928739	PIK3CA	448834	KPRP
101928739	PIK3CA	64062	RBM26
101928739	PIK3CA	55119	PRPF38B
101928739	PIK3CA	51329	ARL6IP4
101928739	PIK3CA	144108	SPTY2D1
101928739	PIK3CA	23384	SPECC1L
101928739	PIK3CA	170954	PPP1R18
101928739	PIK3CA	284119	CAVIN1
101928739	PIK3CA	64928	MRPL14
101928739	PIK3CA	6873	TAF2
101928739	PIK3CA	10594	PRPF8
101928739	PIK3CA	55681	SCYL2
101928739	PIK3CA	54890	ALKBH5
101928739	PIK3CA	339230	CCDC137
101928739	PIK3CA	81608	FIP1L1
101928739	PIK3CA	374897	SBSN
101928739	PIK3CA	23164	MPRIP
101928739	PIK3CA	286077	FAM83H
101928739	PIK3CA	55216	NKAPD1
101928739	PIK3CA	81532	MOB2
101928739	PIK3CA	121457	IKBIP
101928739	PIK3CA	51065	RPS27L
101928739	PIK3CA	27044	SND1
101928739	PIK3CA	2011	MARK2
101928739	PIK3CA	9879	DDX46
101928739	PIK3CA	54931	TRMT10C
101928739	PIK3CA	65117	RSRC2
101928739	PIK3CA	84844	PHF5A
101928739	PIK3CA	79784	MYH14
101928739	PIK3CA	57532	NUFIP2
101928739	PIK3CA	84717	HDGFL2
101928739	PIK3CA	5930	RBBP6
101928739	PIK3CA	90102	PHLDB2
101928739	PIK3CA	8106	PABPN1
101928739	PIK3CA	92140	MTDH
101928739	PIK3CA	3895	KTN1
101928739	PIK3CA	7798	LUZP1
101928739	PIK3CA	10189	ALYREF
101928739	PIK3CA	124245	ZC3H18
101928739	PIK3CA	8887	TAX1BP1
101928739	PIK3CA	8496	PPFIBP1
101928739	PIK3CA	91582	RPS19BP1
101928739	PIK3CA	9541	CIR1
101928739	PIK3CA	11325	DDX42
101928739	PIK3CA	54815	GATAD2A
101928739	PIK3CA	64925	CCDC71
101928739	PIK3CA	113146	AHNAK2
101928739	PIK3CA	126353	MISP
101928739	PIK3CA	79649	MAP7D3
101928739	PIK3CA	23269	MGA
101928739	PIK3CA	84295	PHF6
101928739	PIK3CA	10523	CHERP
101928739	PIK3CA	54431	DNAJC10
101928739	PIK3CA	117246	FTSJ3
101928739	PIK3CA	10250	SRRM1
101928739	PIK3CA	401466	RBIS
101928739	PIK3CA	84619	ZGPAT
101928739	PIK3CA	257397	TAB3
101928739	PIK3CA	79576	NKAP
101928739	PIK3CA	79734	KCTD17
101928739	PIK3CA	79869	CPSF7
101928739	PIK3CA	126526	C19orf47
101928739	PIK3CA	285672	SREK1IP1
101928739	PIK3CA	84950	PRPF38A
101928739	PIK3CA	81567	TXNDC5
101928739	PIK3CA	26135	SERBP1
101928739	PIK3CA	25940	FAM98A
101928739	PIK3CA	79659	DYNC2H1
101928739	PIK3CA	26065	LSM14A
101928739	PIK3CA	128061	C1orf131
101928739	PIK3CA	23	ABCF1
101928739	PIK3CA	51535	PPHLN1
101928739	PIK3CA	55907	CMAS
101928739	PIK3CA	57187	THOC2
101928739	PIK3CA	6100	RP9
101928739	PIK3CA	79753	SNIP1
101928739	PIK3CA	90480	GADD45GIP1
101928739	PIK3CA	51263	MRPL30
101928739	PIK3CA	55299	BRIX1
101928739	PIK3CA	9821	RB1CC1
101928739	PIK3CA	25957	PNISR
101928739	PIK3CA	55854	ZC3H15
101928739	PIK3CA	85313	PPIL4
101928739	PIK3CA	58509	CACTIN
101928739	PIK3CA	11017	SNRNP27
101928739	PIK3CA	4008	LMO7
101928739	PIK3CA	26586	CKAP2
101928739	PIK3CA	26121	PRPF31
101928739	PIK3CA	140890	SREK1
101928739	PIK3CA	25909	AHCTF1
101928739	PIK3CA	7273	TTN
101928739	PIK3CA	1653	DDX1
101928739	PIK3CA	7922	SLC39A7
101928739	PIK3CA	8971	H1-10
101928739	PIK3CA	8503	PIK3R3
101928739	PIK3CA	23469	PHF3
101928739	PIK3CA	10808	HSPH1
101928739	PIK3CA	399687	MYO18A
101928739	PIK3CA	9785	DHX38
101928739	PIK3CA	5546	PRCC
101928739	PIK3CA	8148	TAF15
101928739	PIK3CA	10521	DDX17
101928739	PIK3CA	112464	CAVIN3
101928739	PIK3CA	6166	RPL36AL
101928739	PIK3CA	57003	CCDC47
101928739	PIK3CA	8880	FUBP1
101928739	PIK3CA	55379	LRRC59
101928739	PIK3CA	144455	E2F7
101928739	PIK3CA	54984	PINX1
101928739	PIK3CA	23197	FAF2
101928739	PIK3CA	134147	CMBL
101928739	PIK3CA	88745	RRP36
101928739	PIK3CA	55319	TMA16
101928739	PIK3CA	140576	S100A16
101928739	PIK3CA	92856	IMP4
101928739	PIK3CA	55661	DDX27
101928739	PIK3CA	51101	ZC2HC1A
101928739	PIK3CA	192111	PGAM5
101928739	PIK3CA	84991	RBM17
101928739	PIK3CA	51319	RSRC1
101928739	PIK3CA	127428	TCEANC2
101928739	PIK3CA	153527	ZMAT2
101928739	PIK3CA	100526737	RBM14-RBM4
101928739	PIK3CA	10432	RBM14
101928739	PIK3CA	55811	ADCY10
101928739	PIK3CA	5814	PURB
101928739	PIK3CA	84687	PPP1R9B
101928739	PIK3CA	6732	SRPK1
101928739	PIK3CA	64783	RBM15
101928739	PIK3CA	26292	MYCBP
101928739	PIK3CA	988	CDC5L
101928739	PIK3CA	5707	PSMD1
101928739	PIK3CA	9169	SCAF11
101928739	PIK3CA	7266	DNAJC7
101928739	PIK3CA	11331	PHB2
101928739	PIK3CA	3028	HSD17B10
101928739	PIK3CA	3182	HNRNPAB
101928739	PIK3CA	8394	PIP5K1A
101928739	PIK3CA	10574	CCT7
101928739	PIK3CA	3276	PRMT1
101928739	PIK3CA	5318	PKP2
101928739	PIK3CA	64981	MRPL34
101928739	PIK3CA	79002	TRIR
101928739	PIK3CA	84319	CMSS1
101928739	PIK3CA	79084	WDR77
101928739	PIK3CA	78988	MRPL57
101928739	PIK3CA	84790	TUBA1C
101928739	PIK3CA	10514	MYBBP1A
101928739	PIK3CA	84811	BUD13
101928739	PIK3CA	10929	SRSF8
101928739	PIK3CA	55094	GPATCH1
101928739	PIK3CA	83732	RIOK1
101928739	PIK3CA	84292	WDR83
101928739	PIK3CA	79954	NOL10
101928739	PIK3CA	79169	C1orf35
101928739	PIK3CA	144097	SPINDOC
101928739	PIK3CA	84617	TUBB6
101928739	PIK3CA	9416	DDX23
101928739	PIK3CA	79050	NOC4L
101928739	PIK3CA	83443	SF3B5
101928739	PIK3CA	22950	SLC4A1AP
101928739	PIK3CA	149986	LSM14B
101928739	PIK3CA	51593	SRRT
101928739	PIK3CA	51203	NUSAP1
101928739	PIK3CA	51507	RTF2
101928739	PIK3CA	83939	EIF2A
101928739	PIK3CA	84271	POLDIP3
101928739	PIK3CA	64983	MRPL32
101928739	PIK3CA	84365	NIFK
101928739	PIK3CA	59286	UBL5
101928739	PIK3CA	85456	TNKS1BP1
101928739	PIK3CA	55339	WDR33
101928739	PIK3CA	64073	C19orf33
101928739	PIK3CA	81892	SLIRP
101928739	PIK3CA	81570	CLPB
101928739	PIK3CA	55341	LSG1
101928739	PIK3CA	55226	NAT10
101928739	PIK3CA	22803	XRN2
101928739	PIK3CA	84081	NSRP1
101928739	PIK3CA	51202	DDX47
101928739	PIK3CA	55823	VPS11
101928739	PIK3CA	170506	DHX36
101928739	PIK3CA	5411	PNN
101928739	PIK3CA	8626	TP63
101928739	PIK3CA	91574	MTRFR
101928739	PIK3CA	654483	BOLA2B
101928739	PIK3CA	552900	BOLA2
101928739	PIK3CA	25930	PTPN23
101928739	PIK3CA	51575	ESF1
101928739	PIK3CA	63932	STEEP1
101928739	PIK3CA	60625	DHX35
101928739	PIK3CA	65980	BRD9
101928739	PIK3CA	63877	FAM204A
101928739	PIK3CA	81617	CAB39L
101928739	PIK3CA	27101	CACYBP
101928739	PIK3CA	57703	CWC22
101928739	PIK3CA	57129	MRPL47
101928739	PIK3CA	51538	ZCCHC17
101928739	PIK3CA	56943	ENY2
101928739	PIK3CA	55505	NOP10
101928739	PIK3CA	29117	BRD7
101928739	PIK3CA	55692	LUC7L
101928739	PIK3CA	56342	PPAN
101928739	PIK3CA	692312	PPAN-P2RY11
101928739	PIK3CA	55352	COPRS
101928739	PIK3CA	57050	UTP3
101928739	PIK3CA	9188	DDX21
101928739	PIK3CA	55915	LANCL2
101928739	PIK3CA	85395	SLX9
101928739	PIK3CA	26010	SPATS2L
101928739	PIK3CA	25879	DCAF13
101928739	PIK3CA	55210	ATAD3A
101928739	PIK3CA	54552	GNL3L
101928739	PIK3CA	8886	DDX18
101928739	PIK3CA	55153	SDAD1
101928739	PIK3CA	55131	RBM28
101928739	PIK3CA	55082	ARGLU1
101928739	PIK3CA	79811	SLTM
101928739	PIK3CA	55003	PAK1IP1
101928739	PIK3CA	29093	MRPL22
101928739	PIK3CA	54951	COMMD8
101928739	PIK3CA	55651	NHP2
101928739	PIK3CA	55646	LYAR
101928739	PIK3CA	54883	CWC25
101928739	PIK3CA	54814	QPCTL
101928739	PIK3CA	54442	KCTD5
101928739	PIK3CA	54433	GAR1
101928739	PIK3CA	54606	DDX56
101928739	PIK3CA	9774	BCLAF1
101928739	PIK3CA	23118	TAB2
101928739	PIK3CA	29766	TMOD3
101928739	PIK3CA	26499	PLEK2
101928739	PIK3CA	51755	CDK12
101928739	PIK3CA	9524	TECR
101928739	PIK3CA	23196	FAM120A
101928739	PIK3CA	51806	CALML5
101928739	PIK3CA	51503	CWC15
101928739	PIK3CA	29088	MRPL15
101928739	PIK3CA	29087	THYN1
101928739	PIK3CA	9419	CRIPT
101928739	PIK3CA	29080	CCDC59
101928739	PIK3CA	9218	VAPA
101928739	PIK3CA	57648	KIAA1522
101928739	PIK3CA	55920	RCC2
101928739	PIK3CA	57606	SLAIN2
101928739	PIK3CA	6238	RRBP1
101928739	PIK3CA	54439	RBM27
101928739	PIK3CA	57519	STARD9
101928739	PIK3CA	55970	GNG12
101928739	PIK3CA	27335	EIF3K
101928739	PIK3CA	51726	DNAJB11
101928739	PIK3CA	10933	MORF4L1
101928739	PIK3CA	9414	TJP2
101928739	PIK3CA	79159	NOL12
101928739	PIK3CA	25777	SUN2
101928739	PIK3CA	51474	LIMA1
101928739	PIK3CA	10801	SEPTIN9
101928739	PIK3CA	9510	ADAMTS1
101928739	PIK3CA	29115	SAP30BP
101928739	PIK3CA	22827	PUF60
101928739	PIK3CA	51504	TRMT112
101928739	PIK3CA	51428	DDX41
101928739	PIK3CA	57018	CCNL1
101928739	PIK3CA	22913	RALY
101928739	PIK3CA	22985	ACIN1
101928739	PIK3CA	23603	CORO1C
101928739	PIK3CA	4646	MYO6
101928739	PIK3CA	1308	COL17A1
101928739	PIK3CA	27339	PRPF19
101928739	PIK3CA	51406	NOL7
101928739	PIK3CA	9908	G3BP2
101928739	PIK3CA	5719	PSMD13
101928739	PIK3CA	27292	DIMT1
101928739	PIK3CA	28974	C19orf53
101928739	PIK3CA	23211	ZC3H4
101928739	PIK3CA	23524	SRRM2
101928739	PIK3CA	51637	RTRAF
101928739	PIK3CA	10856	RUVBL2
101928739	PIK3CA	5303	PIN4
101928739	PIK3CA	51386	EIF3L
101928739	PIK3CA	8607	RUVBL1
101928739	PIK3CA	10726	NUDC
101928739	PIK3CA	51650	MRPS33
101928739	PIK3CA	4733	DRG1
101928739	PIK3CA	23012	STK38L
101928739	PIK3CA	22890	ZBTB1
101928739	PIK3CA	10171	RCL1
101928739	PIK3CA	51372	TMA7
101928739	PIK3CA	9967	THRAP3
101928739	PIK3CA	51729	WBP11
101928739	PIK3CA	51602	NOP58
101928739	PIK3CA	10910	SUGT1
101928739	PIK3CA	51070	NOSIP
101928739	PIK3CA	51077	FCF1
101928739	PIK3CA	51631	LUC7L2
101928739	PIK3CA	51634	RBMX2
101928739	PIK3CA	27341	RRP7A
101928739	PIK3CA	51119	SBDS
101928739	PIK3CA	51639	SF3B6
101928739	PIK3CA	51645	PPIL1
101928739	PIK3CA	50810	HDGFL3
101928739	PIK3CA	11171	STRAP
101928739	PIK3CA	51493	RTCB
101928739	PIK3CA	25873	RPL36
101928739	PIK3CA	26097	CHTOP
101928739	PIK3CA	26017	FAM32A
101928739	PIK3CA	11187	PKP3
101928739	PIK3CA	7094	TLN1
101928739	PIK3CA	9958	USP15
101928739	PIK3CA	4644	MYO5A
101928739	PIK3CA	202	CRYBG1
101928739	PIK3CA	25804	LSM4
101928739	PIK3CA	23215	PRRC2C
101928739	PIK3CA	10179	RBM7
101928739	PIK3CA	23612	PHLDA3
101928739	PIK3CA	58477	SRPRB
101928739	PIK3CA	9939	RBM8A
101928739	PIK3CA	51123	ZNF706
101928739	PIK3CA	9209	LRRFIP2
101928739	PIK3CA	10927	SPIN1
101928739	PIK3CA	22820	COPG1
101928739	PIK3CA	51142	CHCHD2
101928739	PIK3CA	8202	NCOA3
101928739	PIK3CA	54555	DDX49
101928739	PIK3CA	10625	IVNS1ABP
